part,family,hypothesis,outcome,sample,estimator,term,estimate,se,ci_low,ci_high,p,n_units,n_obs,exploratory,notes,aggregation,p_crv1,p_type,ar_low,ar_high,iv_unweighted
iv,IV,IV,log(naissances / 1 000 f. 20-24),ZEAT × année 2011-2020,2sls,forme réduite (D3),0.03484874542975186,0.028608311993667652,-0.021222516178604968,0.09092000703810868,0.6954695469546954,9,83,False,"effets fixes zone_id + year ; pondéré par les femmes ; 9 grappes : p du wild cluster bootstrap (Webb, 9999 tirages) sur le modèle non pondéré (forme réduite non pondérée +0.0172, premier étage +0.0221) = 0.695 (p CRV1 = 0.223)",iv,0.22317321593810813,wild_webb,,,
iv,IV,IV,possession de smartphone 18-24 (Baromètre) → naissances 20-24,ZEAT × année 2011-2020,2sls,premier étage (D3),-0.017456050996834446,0.052579155994118124,-0.12050930389569019,0.08559720190202129,0.8070807080708071,9,83,False,"t² CRV1 = 0.1 (non interprétable selon les seuils usuels à 9 grappes) ; 9 grappes : p du wild cluster bootstrap (Webb, 9999 tirages) sur le modèle non pondéré (forme réduite non pondérée +0.0172, premier étage +0.0221) = 0.807 ; adoption mesurée sur la classe 18-24 ans du Baromètre, seule classe recouvrant 20-24 (A2.5)",iv,,wild_webb,,,
iv,IV,IV,log(naissances / 1 000 f. 20-24),ZEAT × année 2011-2020,2sls,IV : effet de la possession de smartphone (0→1),-1.996370509920685,5.965174654928952,-13.687898087293853,9.695157067452485,0.7378733375933216,9,83,False,"re-normalisation de la forme réduite ; IC de Wald indicatif (p CRV1) ; intervalle d'Anderson-Rubin (inversion du test wild bootstrap de la forme réduite non pondérée, IV non pondérée +0.7807, grille [-2.0, 2.0]) : [-2.00, +2.00] (non borné sur la grille)",iv,,crv1,-2.0,2.0,0.7806712233640664
iv,IV,IV,log(naissances / 1 000 f. 25-39),ZEAT × année 2011-2020,2sls,forme réduite (D3),0.016768443375562582,0.013165165635438405,-0.009034807323933816,0.04257169407505898,0.4667466746674667,9,83,False,"effets fixes zone_id + year ; pondéré par les femmes ; 9 grappes : p du wild cluster bootstrap (Webb, 9999 tirages) sur le modèle non pondéré (forme réduite non pondérée +0.0118, premier étage +0.1192) = 0.467 (p CRV1 = 0.203)",iv,0.20277051303424853,wild_webb,,,
iv,IV,IV,possession de smartphone 25-39,ZEAT × année 2011-2020,2sls,premier étage (D3),0.10833390538480489,0.090378647840653,-0.06880499075155272,0.2854728015211625,0.415041504150415,9,83,False,"t² CRV1 = 1.4 (non interprétable selon les seuils usuels à 9 grappes) ; 9 grappes : p du wild cluster bootstrap (Webb, 9999 tirages) sur le modèle non pondéré (forme réduite non pondérée +0.0118, premier étage +0.1192) = 0.415",iv,,wild_webb,,,
iv,IV,IV,log(naissances / 1 000 f. 25-39),ZEAT × année 2011-2020,2sls,IV : effet de la possession de smartphone (0→1),0.15478481382168055,0.1837747783227535,-0.20540713579889666,0.5149767634422577,0.3996464886132428,9,83,False,"re-normalisation de la forme réduite ; IC de Wald indicatif (p CRV1) ; intervalle d'Anderson-Rubin (inversion du test wild bootstrap de la forme réduite non pondérée, IV non pondérée +0.0986, grille [-2.0, 2.0]) : [-2.00, +2.00] (non borné sur la grille)",iv,,crv1,-2.0,2.0,0.0986354992080028
iv,IV,IV,log(naissances / 1 000 f. pooled),ZEAT × année 2011-2020,2sls,forme réduite (D3),0.021049978331984395,0.015285242780519088,-0.00890854724909292,0.051008503913061706,0.16846777290357373,9,166,False,effets fixes zone_id^age_id + year^age_id ; pondéré par les femmes ; 9 grappes : p CRV1 seulement (wild bootstrap non calculé avec effets fixes interagis) = 0.168 (p CRV1 = 0.168),iv,0.16846777290357373,crv1,,,
iv,IV,IV,possession de smartphone pooled,ZEAT × année 2011-2020,2sls,premier étage (D3),0.07854601280308554,0.0649382652954647,-0.04873064939847466,0.20582267500464574,0.22645200415872146,9,166,False,t² CRV1 = 1.5 (non interprétable selon les seuils usuels à 9 grappes) ; 9 grappes : p CRV1 seulement (wild bootstrap non calculé avec effets fixes interagis) = 0.226,iv,,crv1,,,
iv,IV,IV,log(naissances / 1 000 f. pooled),ZEAT × année 2011-2020,2sls,IV : effet de la possession de smartphone (0→1),0.2679955045554837,0.2933215911214214,-0.30690425446522196,0.8428952635761894,0.3608967834703548,9,166,False,"re-normalisation de la forme réduite ; IC de Wald indicatif (p CRV1) ; intervalle d'Anderson-Rubin (inversion du test wild bootstrap de la forme réduite non pondérée, IV non pondérée +0.2052) : non calculé (effets fixes interagis)",iv,,crv1,,,0.20520263312680445
iv,IV,exclusion,taux d'emploi des femmes 25-54 (RP),"département × millésime RP 2011, 2016, 2021",twfe_continuous,d3,-0.016377084555265473,0.004466613444020599,-0.02513148603840826,-0.0076226830721226845,0.000245839911951075,96,288,False,"test partiel de la restriction d'exclusion : effets fixes département et année, D3 continu ; le RP ne donne pas 25-39 (A2)",exclusion,,,,,
iv,IV,exclusion,taux d'emploi des femmes 25-54 (RP),"département × millésime RP 2011, 2016, 2021",twfe_continuous,treated,-0.003001883247654318,0.0009544931775348092,-0.00487265549911174,-0.001131110996196896,0.0016608551888648564,96,288,False,test partiel de la restriction d'exclusion : indicatrice « bascule D3 ≥ 50 % atteinte au millésime »,exclusion,,,,,
