part,family,hypothesis,outcome,sample,estimator,term,estimate,se,ci_low,ci_high,p,n_units,n_obs,exploratory,notes,aggregation,n_never,n_treated,n_late_recoded,n_unbalanced,year_min,year_max,years_model_min,years_model_max,n_clusters,k_post,est_method,n_cohorts,n_units_rel,k_periods,df,p_holm
h6,H6,H6,"log(naissances+0,5 / 1 000 f. 15-49)",population 2013 : tercile 1,cs,-8,7.497367095049727,0.5692966740310513,6.3815661174304275,8.613168072669026,1.3142093044280284e-39,241,3856,False,"spécification primaire sur le sous-groupe ; covariables : log_pop, share_women_1549, share_foreign, pretrend_pre (doublement robuste) ; contrôle = not_yet_treated ; fenêtre 2007-2022 ; 241 traitées, 0 jamais traitées sur la fenêtre ; ATT(g,t) identifiés jusqu'en 2015 (sans unité jamais traitée, la dernière cohorte sert de contrôle)",event,0.0,241.0,0.0,0.0,2007.0,2022.0,2007,2015,241,1,dr,1.0,103.0,,,
h6,H6,H6,"log(naissances+0,5 / 1 000 f. 15-49)",population 2013 : tercile 1,cs,-7,-0.011383969950322183,0.09064505663666889,-0.1890450163347866,0.16627707643414225,0.9000577254510416,241,3856,False,"spécification primaire sur le sous-groupe ; covariables : log_pop, share_women_1549, share_foreign, pretrend_pre (doublement robuste) ; contrôle = not_yet_treated ; fenêtre 2007-2022 ; 241 traitées, 0 jamais traitées sur la fenêtre ; ATT(g,t) identifiés jusqu'en 2015 (sans unité jamais traitée, la dernière cohorte sert de contrôle)",event,0.0,241.0,0.0,0.0,2007.0,2022.0,2007,2015,241,1,dr,2.0,213.0,,,
h6,H6,H6,"log(naissances+0,5 / 1 000 f. 15-49)",population 2013 : tercile 1,cs,-6,0.21848090129418338,0.05645427759401574,0.10783255043668598,0.32912925215168076,0.00010881284217362636,241,3856,False,"spécification primaire sur le sous-groupe ; covariables : log_pop, share_women_1549, share_foreign, pretrend_pre (doublement robuste) ; contrôle = not_yet_treated ; fenêtre 2007-2022 ; 241 traitées, 0 jamais traitées sur la fenêtre ; ATT(g,t) identifiés jusqu'en 2015 (sans unité jamais traitée, la dernière cohorte sert de contrôle)",event,0.0,241.0,0.0,0.0,2007.0,2022.0,2007,2015,241,1,dr,3.0,238.0,,,
h6,H6,H6,"log(naissances+0,5 / 1 000 f. 15-49)",population 2013 : tercile 1,cs,-5,-0.004162883770421948,0.011260527501558596,-0.026233112120399592,0.017907344579555697,0.7116148495912327,241,3856,False,"spécification primaire sur le sous-groupe ; covariables : log_pop, share_women_1549, share_foreign, pretrend_pre (doublement robuste) ; contrôle = not_yet_treated ; fenêtre 2007-2022 ; 241 traitées, 0 jamais traitées sur la fenêtre ; ATT(g,t) identifiés jusqu'en 2015 (sans unité jamais traitée, la dernière cohorte sert de contrôle)",event,0.0,241.0,0.0,0.0,2007.0,2022.0,2007,2015,241,1,dr,3.0,238.0,,,
h6,H6,H6,"log(naissances+0,5 / 1 000 f. 15-49)",population 2013 : tercile 1,cs,-4,0.0918051881353392,0.018315061409819536,0.055908327397453515,0.12770204887322487,5.371299922126116e-07,241,3856,False,"spécification primaire sur le sous-groupe ; covariables : log_pop, share_women_1549, share_foreign, pretrend_pre (doublement robuste) ; contrôle = not_yet_treated ; fenêtre 2007-2022 ; 241 traitées, 0 jamais traitées sur la fenêtre ; ATT(g,t) identifiés jusqu'en 2015 (sans unité jamais traitée, la dernière cohorte sert de contrôle)",event,0.0,241.0,0.0,0.0,2007.0,2022.0,2007,2015,241,1,dr,3.0,238.0,,,
h6,H6,H6,"log(naissances+0,5 / 1 000 f. 15-49)",population 2013 : tercile 1,cs,-3,0.12737183396366336,0.017056011771463733,0.09394266517170324,0.16080100275562348,8.151218501643538e-14,241,3856,False,"spécification primaire sur le sous-groupe ; covariables : log_pop, share_women_1549, share_foreign, pretrend_pre (doublement robuste) ; contrôle = not_yet_treated ; fenêtre 2007-2022 ; 241 traitées, 0 jamais traitées sur la fenêtre ; ATT(g,t) identifiés jusqu'en 2015 (sans unité jamais traitée, la dernière cohorte sert de contrôle)",event,0.0,241.0,0.0,0.0,2007.0,2022.0,2007,2015,241,1,dr,3.0,238.0,,,
h6,H6,H6,"log(naissances+0,5 / 1 000 f. 15-49)",population 2013 : tercile 1,cs,-2,-0.13738370487261048,0.022230165691059758,-0.18095402899744556,-0.0938133807477754,6.407820993686913e-10,241,3856,False,"spécification primaire sur le sous-groupe ; covariables : log_pop, share_women_1549, share_foreign, pretrend_pre (doublement robuste) ; contrôle = not_yet_treated ; fenêtre 2007-2022 ; 241 traitées, 0 jamais traitées sur la fenêtre ; ATT(g,t) identifiés jusqu'en 2015 (sans unité jamais traitée, la dernière cohorte sert de contrôle)",event,0.0,241.0,0.0,0.0,2007.0,2022.0,2007,2015,241,1,dr,3.0,238.0,,,
h6,H6,H6,"log(naissances+0,5 / 1 000 f. 15-49)",population 2013 : tercile 1,cs,0,0.014023696205990855,0.012512830351329345,-0.010501000627274333,0.03854839303925604,0.2623962801517542,241,3856,False,"spécification primaire sur le sous-groupe ; covariables : log_pop, share_women_1549, share_foreign, pretrend_pre (doublement robuste) ; contrôle = not_yet_treated ; fenêtre 2007-2022 ; 241 traitées, 0 jamais traitées sur la fenêtre ; ATT(g,t) identifiés jusqu'en 2015 (sans unité jamais traitée, la dernière cohorte sert de contrôle)",event,0.0,241.0,0.0,0.0,2007.0,2022.0,2007,2015,241,1,dr,3.0,238.0,,,
h6,H6,H6,"log(naissances+0,5 / 1 000 f. 15-49)",population 2013 : tercile 1,cs,1,0.20885872082660176,0.03484911439581324,0.1405557117176915,0.277161729935512,2.057149255200945e-09,241,3856,False,"spécification primaire sur le sous-groupe ; covariables : log_pop, share_women_1549, share_foreign, pretrend_pre (doublement robuste) ; contrôle = not_yet_treated ; fenêtre 2007-2022 ; 241 traitées, 0 jamais traitées sur la fenêtre ; ATT(g,t) identifiés jusqu'en 2015 (sans unité jamais traitée, la dernière cohorte sert de contrôle)",event,0.0,241.0,0.0,0.0,2007.0,2022.0,2007,2015,241,1,dr,2.0,135.0,,,
h6,H6,H6,"log(naissances+0,5 / 1 000 f. 15-49)",population 2013 : tercile 1,cs,"ATT[1,1]",0.20885872082660176,0.03484911439581324,0.1405557117176915,0.277161729935512,2.057149255200945e-09,241,3856,False,"spécification primaire sur le sous-groupe ; covariables : log_pop, share_women_1549, share_foreign, pretrend_pre (doublement robuste) ; contrôle = not_yet_treated ; fenêtre 2007-2022 ; 241 traitées, 0 jamais traitées sur la fenêtre ; ATT(g,t) identifiés jusqu'en 2015 (sans unité jamais traitée, la dernière cohorte sert de contrôle) ; écart-type avec covariance complète des coefficients (fonctions d'influence)",post_avg,0.0,241.0,0.0,0.0,2007.0,2022.0,2007,2015,241,1,dr,,,1.0,,
h6,H6,H6,"log(naissances+0,5 / 1 000 f. 15-49)",population 2013 : tercile 1,cs,ATT,0.08454039412497871,0.016335272375775204,0.05252384859080727,0.11655693965915015,2.275108179077217e-07,241,3856,False,"spécification primaire sur le sous-groupe ; covariables : log_pop, share_women_1549, share_foreign, pretrend_pre (doublement robuste) ; contrôle = not_yet_treated ; fenêtre 2007-2022 ; 241 traitées, 0 jamais traitées sur la fenêtre ; ATT(g,t) identifiés jusqu'en 2015 (sans unité jamais traitée, la dernière cohorte sert de contrôle) ; moyenne de tous les ATT(g,t) post",simple,0.0,241.0,0.0,0.0,2007.0,2022.0,2007,2015,241,1,dr,,,,,
h6,H6,H6,"log(naissances+0,5 / 1 000 f. 15-49)",population 2013 : tercile 1,cs,Wald pré (-8..-2),239.92812386327964,,,,3.849376340584429e-48,241,3856,False,"H5c : test de Wald joint de nullité des coefficients pré avec covariance des fonctions d'influence, df = 7 ; fenêtre 2007-2022 ; 241 traitées, 0 jamais traitées sur la fenêtre",pre_test,0.0,241.0,0.0,0.0,2007.0,2022.0,2007,2015,241,1,dr,,,,7.0,
h6,H6,H6,"log(naissances+0,5 / 1 000 f. 15-49)",population 2013 : tercile 2,cs,-7,-0.03342815570945439,0.05563447624496215,-0.1424697254483294,0.0756134140294206,0.5479377351674337,240,3840,False,"spécification primaire sur le sous-groupe ; covariables : log_pop, share_women_1549, share_foreign, pretrend_pre (doublement robuste) ; contrôle = not_yet_treated ; fenêtre 2007-2022 ; 240 traitées, 0 jamais traitées sur la fenêtre ; ATT(g,t) identifiés jusqu'en 2014 (sans unité jamais traitée, la dernière cohorte sert de contrôle)",event,0.0,240.0,0.0,0.0,2007.0,2022.0,2007,2014,240,1,dr,1.0,152.0,,,
h6,H6,H6,"log(naissances+0,5 / 1 000 f. 15-49)",population 2013 : tercile 2,cs,-6,-0.02956457162263705,0.04326894528610524,-0.11437014603243746,0.05524100278716336,0.49443333614325247,240,3840,False,"spécification primaire sur le sous-groupe ; covariables : log_pop, share_women_1549, share_foreign, pretrend_pre (doublement robuste) ; contrôle = not_yet_treated ; fenêtre 2007-2022 ; 240 traitées, 0 jamais traitées sur la fenêtre ; ATT(g,t) identifiés jusqu'en 2014 (sans unité jamais traitée, la dernière cohorte sert de contrôle)",event,0.0,240.0,0.0,0.0,2007.0,2022.0,2007,2014,240,1,dr,2.0,187.0,,,
h6,H6,H6,"log(naissances+0,5 / 1 000 f. 15-49)",population 2013 : tercile 2,cs,-5,0.0559741000353244,0.02380557582419845,0.009316028788658025,0.10263217128199079,0.018707839003089425,240,3840,False,"spécification primaire sur le sous-groupe ; covariables : log_pop, share_women_1549, share_foreign, pretrend_pre (doublement robuste) ; contrôle = not_yet_treated ; fenêtre 2007-2022 ; 240 traitées, 0 jamais traitées sur la fenêtre ; ATT(g,t) identifiés jusqu'en 2014 (sans unité jamais traitée, la dernière cohorte sert de contrôle)",event,0.0,240.0,0.0,0.0,2007.0,2022.0,2007,2014,240,1,dr,2.0,187.0,,,
h6,H6,H6,"log(naissances+0,5 / 1 000 f. 15-49)",population 2013 : tercile 2,cs,-4,0.038246792856961906,0.01882906996745082,0.0013424938583735252,0.07515109185555029,0.04222832415537871,240,3840,False,"spécification primaire sur le sous-groupe ; covariables : log_pop, share_women_1549, share_foreign, pretrend_pre (doublement robuste) ; contrôle = not_yet_treated ; fenêtre 2007-2022 ; 240 traitées, 0 jamais traitées sur la fenêtre ; ATT(g,t) identifiés jusqu'en 2014 (sans unité jamais traitée, la dernière cohorte sert de contrôle)",event,0.0,240.0,0.0,0.0,2007.0,2022.0,2007,2014,240,1,dr,2.0,187.0,,,
h6,H6,H6,"log(naissances+0,5 / 1 000 f. 15-49)",population 2013 : tercile 2,cs,-3,0.012033285982293553,0.015598099422640321,-0.018538427113356487,0.042604999077943594,0.44043522695866444,240,3840,False,"spécification primaire sur le sous-groupe ; covariables : log_pop, share_women_1549, share_foreign, pretrend_pre (doublement robuste) ; contrôle = not_yet_treated ; fenêtre 2007-2022 ; 240 traitées, 0 jamais traitées sur la fenêtre ; ATT(g,t) identifiés jusqu'en 2014 (sans unité jamais traitée, la dernière cohorte sert de contrôle)",event,0.0,240.0,0.0,0.0,2007.0,2022.0,2007,2014,240,1,dr,2.0,187.0,,,
h6,H6,H6,"log(naissances+0,5 / 1 000 f. 15-49)",population 2013 : tercile 2,cs,-2,0.0075555405123360455,0.019835936329902326,-0.03132218029390213,0.046433261318574226,0.7032762417542077,240,3840,False,"spécification primaire sur le sous-groupe ; covariables : log_pop, share_women_1549, share_foreign, pretrend_pre (doublement robuste) ; contrôle = not_yet_treated ; fenêtre 2007-2022 ; 240 traitées, 0 jamais traitées sur la fenêtre ; ATT(g,t) identifiés jusqu'en 2014 (sans unité jamais traitée, la dernière cohorte sert de contrôle)",event,0.0,240.0,0.0,0.0,2007.0,2022.0,2007,2014,240,1,dr,2.0,187.0,,,
h6,H6,H6,"log(naissances+0,5 / 1 000 f. 15-49)",population 2013 : tercile 2,cs,0,0.008011901029552342,0.020006041966242574,-0.03119922069747999,0.04722302275658467,0.6888073790284135,240,3840,False,"spécification primaire sur le sous-groupe ; covariables : log_pop, share_women_1549, share_foreign, pretrend_pre (doublement robuste) ; contrôle = not_yet_treated ; fenêtre 2007-2022 ; 240 traitées, 0 jamais traitées sur la fenêtre ; ATT(g,t) identifiés jusqu'en 2014 (sans unité jamais traitée, la dernière cohorte sert de contrôle)",event,0.0,240.0,0.0,0.0,2007.0,2022.0,2007,2014,240,1,dr,2.0,187.0,,,
h6,H6,H6,"log(naissances+0,5 / 1 000 f. 15-49)",population 2013 : tercile 2,cs,1,-0.06695886499380531,0.03098516479617638,-0.1276886720493494,-0.006229057938261236,0.030695529211035466,240,3840,False,"spécification primaire sur le sous-groupe ; covariables : log_pop, share_women_1549, share_foreign, pretrend_pre (doublement robuste) ; contrôle = not_yet_treated ; fenêtre 2007-2022 ; 240 traitées, 0 jamais traitées sur la fenêtre ; ATT(g,t) identifiés jusqu'en 2014 (sans unité jamais traitée, la dernière cohorte sert de contrôle)",event,0.0,240.0,0.0,0.0,2007.0,2022.0,2007,2014,240,1,dr,1.0,35.0,,,
h6,H6,H6,"log(naissances+0,5 / 1 000 f. 15-49)",population 2013 : tercile 2,cs,"ATT[1,1]",-0.06695886499380531,0.03098516479617638,-0.1276886720493494,-0.006229057938261236,0.030695529211035466,240,3840,False,"spécification primaire sur le sous-groupe ; covariables : log_pop, share_women_1549, share_foreign, pretrend_pre (doublement robuste) ; contrôle = not_yet_treated ; fenêtre 2007-2022 ; 240 traitées, 0 jamais traitées sur la fenêtre ; ATT(g,t) identifiés jusqu'en 2014 (sans unité jamais traitée, la dernière cohorte sert de contrôle) ; écart-type avec covariance complète des coefficients (fonctions d'influence)",post_avg,0.0,240.0,0.0,0.0,2007.0,2022.0,2007,2014,240,1,dr,,,1.0,,
h6,H6,H6,"log(naissances+0,5 / 1 000 f. 15-49)",population 2013 : tercile 2,cs,ATT,-0.003807814334490534,0.019383688581991777,-0.041799145842734683,0.03418351717375362,0.8442624576157306,240,3840,False,"spécification primaire sur le sous-groupe ; covariables : log_pop, share_women_1549, share_foreign, pretrend_pre (doublement robuste) ; contrôle = not_yet_treated ; fenêtre 2007-2022 ; 240 traitées, 0 jamais traitées sur la fenêtre ; ATT(g,t) identifiés jusqu'en 2014 (sans unité jamais traitée, la dernière cohorte sert de contrôle) ; moyenne de tous les ATT(g,t) post",simple,0.0,240.0,0.0,0.0,2007.0,2022.0,2007,2014,240,1,dr,,,,,
h6,H6,H6,"log(naissances+0,5 / 1 000 f. 15-49)",population 2013 : tercile 2,cs,Wald pré (-8..-2),6.85754364404879,,,,0.33422275306505106,240,3840,False,"H5c : test de Wald joint de nullité des coefficients pré avec covariance des fonctions d'influence, df = 6 ; fenêtre 2007-2022 ; 240 traitées, 0 jamais traitées sur la fenêtre",pre_test,0.0,240.0,0.0,0.0,2007.0,2022.0,2007,2014,240,1,dr,,,,6.0,
h6,H6,H6,"log(naissances+0,5 / 1 000 f. 15-49)",population 2013 : tercile 3,cs,-6,0.008294545876653204,0.01396439770010349,-0.019075170681343602,0.035664262434650006,0.5525267863967889,241,3856,False,"spécification primaire sur le sous-groupe ; covariables : log_pop, share_women_1549, share_foreign, pretrend_pre (doublement robuste) ; contrôle = not_yet_treated ; fenêtre 2007-2022 ; 241 traitées, 0 jamais traitées sur la fenêtre ; ATT(g,t) identifiés jusqu'en 2013 (sans unité jamais traitée, la dernière cohorte sert de contrôle)",event,0.0,241.0,0.0,0.0,2007.0,2022.0,2007,2013,241,0,dr,1.0,115.0,,,
h6,H6,H6,"log(naissances+0,5 / 1 000 f. 15-49)",population 2013 : tercile 3,cs,-5,0.004801896580254639,0.00653232112452649,-0.008001217559267465,0.017605010719776742,0.462279776282994,241,3856,False,"spécification primaire sur le sous-groupe ; covariables : log_pop, share_women_1549, share_foreign, pretrend_pre (doublement robuste) ; contrôle = not_yet_treated ; fenêtre 2007-2022 ; 241 traitées, 0 jamais traitées sur la fenêtre ; ATT(g,t) identifiés jusqu'en 2013 (sans unité jamais traitée, la dernière cohorte sert de contrôle)",event,0.0,241.0,0.0,0.0,2007.0,2022.0,2007,2013,241,0,dr,1.0,115.0,,,
h6,H6,H6,"log(naissances+0,5 / 1 000 f. 15-49)",population 2013 : tercile 3,cs,-4,0.010685971341690867,0.008765618048280039,-0.00649432433517229,0.027866267018554026,0.22281462273575792,241,3856,False,"spécification primaire sur le sous-groupe ; covariables : log_pop, share_women_1549, share_foreign, pretrend_pre (doublement robuste) ; contrôle = not_yet_treated ; fenêtre 2007-2022 ; 241 traitées, 0 jamais traitées sur la fenêtre ; ATT(g,t) identifiés jusqu'en 2013 (sans unité jamais traitée, la dernière cohorte sert de contrôle)",event,0.0,241.0,0.0,0.0,2007.0,2022.0,2007,2013,241,0,dr,1.0,115.0,,,
h6,H6,H6,"log(naissances+0,5 / 1 000 f. 15-49)",population 2013 : tercile 3,cs,-3,0.03830540874310644,0.015158495884600727,0.008595302749490386,0.06801551473672249,0.011504388749994612,241,3856,False,"spécification primaire sur le sous-groupe ; covariables : log_pop, share_women_1549, share_foreign, pretrend_pre (doublement robuste) ; contrôle = not_yet_treated ; fenêtre 2007-2022 ; 241 traitées, 0 jamais traitées sur la fenêtre ; ATT(g,t) identifiés jusqu'en 2013 (sans unité jamais traitée, la dernière cohorte sert de contrôle)",event,0.0,241.0,0.0,0.0,2007.0,2022.0,2007,2013,241,0,dr,1.0,115.0,,,
h6,H6,H6,"log(naissances+0,5 / 1 000 f. 15-49)",population 2013 : tercile 3,cs,-2,0.020289764502200137,0.017363167005078416,-0.013741417485307751,0.054320946489708026,0.24258415437433667,241,3856,False,"spécification primaire sur le sous-groupe ; covariables : log_pop, share_women_1549, share_foreign, pretrend_pre (doublement robuste) ; contrôle = not_yet_treated ; fenêtre 2007-2022 ; 241 traitées, 0 jamais traitées sur la fenêtre ; ATT(g,t) identifiés jusqu'en 2013 (sans unité jamais traitée, la dernière cohorte sert de contrôle)",event,0.0,241.0,0.0,0.0,2007.0,2022.0,2007,2013,241,0,dr,1.0,115.0,,,
h6,H6,H6,"log(naissances+0,5 / 1 000 f. 15-49)",population 2013 : tercile 3,cs,0,-0.003275624292588441,0.01637132816854624,-0.035362837882025155,0.028811589296848277,0.8414156762816924,241,3856,False,"spécification primaire sur le sous-groupe ; covariables : log_pop, share_women_1549, share_foreign, pretrend_pre (doublement robuste) ; contrôle = not_yet_treated ; fenêtre 2007-2022 ; 241 traitées, 0 jamais traitées sur la fenêtre ; ATT(g,t) identifiés jusqu'en 2013 (sans unité jamais traitée, la dernière cohorte sert de contrôle)",event,0.0,241.0,0.0,0.0,2007.0,2022.0,2007,2013,241,0,dr,1.0,115.0,,,
h6,H6,H6,"log(naissances+0,5 / 1 000 f. 15-49)",population 2013 : tercile 3,cs,"ATT[1,0]",,,,,,241,3856,False,"spécification primaire sur le sous-groupe ; covariables : log_pop, share_women_1549, share_foreign, pretrend_pre (doublement robuste) ; contrôle = not_yet_treated ; fenêtre 2007-2022 ; 241 traitées, 0 jamais traitées sur la fenêtre ; ATT(g,t) identifiés jusqu'en 2013 (sans unité jamais traitée, la dernière cohorte sert de contrôle) ; écart-type avec covariance complète des coefficients (fonctions d'influence)",post_avg,0.0,241.0,0.0,0.0,2007.0,2022.0,2007,2013,241,0,dr,,,0.0,,
h6,H6,H6,"log(naissances+0,5 / 1 000 f. 15-49)",population 2013 : tercile 3,cs,ATT,-0.003275624292588441,0.01637132816854624,-0.035362837882025155,0.028811589296848277,0.8414156762816924,241,3856,False,"spécification primaire sur le sous-groupe ; covariables : log_pop, share_women_1549, share_foreign, pretrend_pre (doublement robuste) ; contrôle = not_yet_treated ; fenêtre 2007-2022 ; 241 traitées, 0 jamais traitées sur la fenêtre ; ATT(g,t) identifiés jusqu'en 2013 (sans unité jamais traitée, la dernière cohorte sert de contrôle) ; moyenne de tous les ATT(g,t) post",simple,0.0,241.0,0.0,0.0,2007.0,2022.0,2007,2013,241,0,dr,,,,,
h6,H6,H6,"log(naissances+0,5 / 1 000 f. 15-49)",population 2013 : tercile 3,cs,Wald pré (-8..-2),12.14348058580088,,,,0.016315598076581155,241,3856,False,"H5c : test de Wald joint de nullité des coefficients pré avec covariance des fonctions d'influence, df = 4 ; fenêtre 2007-2022 ; 241 traitées, 0 jamais traitées sur la fenêtre",pre_test,0.0,241.0,0.0,0.0,2007.0,2022.0,2007,2013,241,0,dr,,,,4.0,
h6,H6,H6,"log(naissances de rang 1+0,5 / 1 000 f. 15-49)",rang 1,cs,-8,7.887953650926981,0.553467531626132,6.803177222327479,8.972730079526483,4.3636433903089196e-46,722,11552,False,"spécification primaire sur le sous-groupe ; covariables : log_pop, share_women_1549, share_foreign, pretrend_pre (doublement robuste) ; contrôle = not_yet_treated ; fenêtre 2007-2022 ; 722 traitées, 0 jamais traitées sur la fenêtre ; ATT(g,t) identifiés jusqu'en 2015 (sans unité jamais traitée, la dernière cohorte sert de contrôle)",event,0.0,722.0,0.0,0.0,2007.0,2022.0,2007,2015,722,1,dr,1.0,156.0,,,
h6,H6,H6,"log(naissances de rang 1+0,5 / 1 000 f. 15-49)",rang 1,cs,-7,0.19397005611026905,0.0853225686482638,0.02674089449122563,0.36119921772931246,0.02300368903008803,722,11552,False,"spécification primaire sur le sous-groupe ; covariables : log_pop, share_women_1549, share_foreign, pretrend_pre (doublement robuste) ; contrôle = not_yet_treated ; fenêtre 2007-2022 ; 722 traitées, 0 jamais traitées sur la fenêtre ; ATT(g,t) identifiés jusqu'en 2015 (sans unité jamais traitée, la dernière cohorte sert de contrôle)",event,0.0,722.0,0.0,0.0,2007.0,2022.0,2007,2015,722,1,dr,2.0,544.0,,,
h6,H6,H6,"log(naissances de rang 1+0,5 / 1 000 f. 15-49)",rang 1,cs,-6,0.3152050685497767,0.04540297004105085,0.22621688247816596,0.40419325462138744,3.8552452819625055e-12,722,11552,False,"spécification primaire sur le sous-groupe ; covariables : log_pop, share_women_1549, share_foreign, pretrend_pre (doublement robuste) ; contrôle = not_yet_treated ; fenêtre 2007-2022 ; 722 traitées, 0 jamais traitées sur la fenêtre ; ATT(g,t) identifiés jusqu'en 2015 (sans unité jamais traitée, la dernière cohorte sert de contrôle)",event,0.0,722.0,0.0,0.0,2007.0,2022.0,2007,2015,722,1,dr,3.0,719.0,,,
h6,H6,H6,"log(naissances de rang 1+0,5 / 1 000 f. 15-49)",rang 1,cs,-5,0.4403585927707468,0.04963932978642813,0.3430672941726413,0.5376498913688522,7.238581744651102e-19,722,11552,False,"spécification primaire sur le sous-groupe ; covariables : log_pop, share_women_1549, share_foreign, pretrend_pre (doublement robuste) ; contrôle = not_yet_treated ; fenêtre 2007-2022 ; 722 traitées, 0 jamais traitées sur la fenêtre ; ATT(g,t) identifiés jusqu'en 2015 (sans unité jamais traitée, la dernière cohorte sert de contrôle)",event,0.0,722.0,0.0,0.0,2007.0,2022.0,2007,2015,722,1,dr,3.0,719.0,,,
h6,H6,H6,"log(naissances de rang 1+0,5 / 1 000 f. 15-49)",rang 1,cs,-4,0.2970027167083315,0.03700564099727908,0.2244729931288456,0.3695324402878174,1.008033218694994e-15,722,11552,False,"spécification primaire sur le sous-groupe ; covariables : log_pop, share_women_1549, share_foreign, pretrend_pre (doublement robuste) ; contrôle = not_yet_treated ; fenêtre 2007-2022 ; 722 traitées, 0 jamais traitées sur la fenêtre ; ATT(g,t) identifiés jusqu'en 2015 (sans unité jamais traitée, la dernière cohorte sert de contrôle)",event,0.0,722.0,0.0,0.0,2007.0,2022.0,2007,2015,722,1,dr,3.0,719.0,,,
h6,H6,H6,"log(naissances de rang 1+0,5 / 1 000 f. 15-49)",rang 1,cs,-3,0.2450304543922663,0.026559019526210193,0.19297573265619827,0.29708517612833435,2.8122934965151334e-20,722,11552,False,"spécification primaire sur le sous-groupe ; covariables : log_pop, share_women_1549, share_foreign, pretrend_pre (doublement robuste) ; contrôle = not_yet_treated ; fenêtre 2007-2022 ; 722 traitées, 0 jamais traitées sur la fenêtre ; ATT(g,t) identifiés jusqu'en 2015 (sans unité jamais traitée, la dernière cohorte sert de contrôle)",event,0.0,722.0,0.0,0.0,2007.0,2022.0,2007,2015,722,1,dr,3.0,719.0,,,
h6,H6,H6,"log(naissances de rang 1+0,5 / 1 000 f. 15-49)",rang 1,cs,-2,0.10082883357817543,0.018850060104795032,0.06388339466636185,0.13777427248998902,8.844511707082755e-08,722,11552,False,"spécification primaire sur le sous-groupe ; covariables : log_pop, share_women_1549, share_foreign, pretrend_pre (doublement robuste) ; contrôle = not_yet_treated ; fenêtre 2007-2022 ; 722 traitées, 0 jamais traitées sur la fenêtre ; ATT(g,t) identifiés jusqu'en 2015 (sans unité jamais traitée, la dernière cohorte sert de contrôle)",event,0.0,722.0,0.0,0.0,2007.0,2022.0,2007,2015,722,1,dr,3.0,719.0,,,
h6,H6,H6,"log(naissances de rang 1+0,5 / 1 000 f. 15-49)",rang 1,cs,0,0.29008858053753744,0.033451511838127675,0.22452482210639194,0.355652338968683,4.249224929947941e-18,722,11552,False,"spécification primaire sur le sous-groupe ; covariables : log_pop, share_women_1549, share_foreign, pretrend_pre (doublement robuste) ; contrôle = not_yet_treated ; fenêtre 2007-2022 ; 722 traitées, 0 jamais traitées sur la fenêtre ; ATT(g,t) identifiés jusqu'en 2015 (sans unité jamais traitée, la dernière cohorte sert de contrôle)",event,0.0,722.0,0.0,0.0,2007.0,2022.0,2007,2015,722,1,dr,3.0,719.0,,,
h6,H6,H6,"log(naissances de rang 1+0,5 / 1 000 f. 15-49)",rang 1,cs,1,0.544554969301744,0.045706730202293135,0.45497142425416026,0.6341385143493277,9.992859999957638e-33,722,11552,False,"spécification primaire sur le sous-groupe ; covariables : log_pop, share_women_1549, share_foreign, pretrend_pre (doublement robuste) ; contrôle = not_yet_treated ; fenêtre 2007-2022 ; 722 traitées, 0 jamais traitées sur la fenêtre ; ATT(g,t) identifiés jusqu'en 2015 (sans unité jamais traitée, la dernière cohorte sert de contrôle)",event,0.0,722.0,0.0,0.0,2007.0,2022.0,2007,2015,722,1,dr,2.0,563.0,,,
h6,H6,H6,"log(naissances de rang 1+0,5 / 1 000 f. 15-49)",rang 1,cs,"ATT[1,1]",0.544554969301744,0.045706730202293135,0.45497142425416026,0.6341385143493277,9.992859999957638e-33,722,11552,False,"spécification primaire sur le sous-groupe ; covariables : log_pop, share_women_1549, share_foreign, pretrend_pre (doublement robuste) ; contrôle = not_yet_treated ; fenêtre 2007-2022 ; 722 traitées, 0 jamais traitées sur la fenêtre ; ATT(g,t) identifiés jusqu'en 2015 (sans unité jamais traitée, la dernière cohorte sert de contrôle) ; écart-type avec covariance complète des coefficients (fonctions d'influence)",post_avg,0.0,722.0,0.0,0.0,2007.0,2022.0,2007,2015,722,1,dr,,,1.0,,
h6,H6,H6,"log(naissances de rang 1+0,5 / 1 000 f. 15-49)",rang 1,cs,ATT,0.4018394205330509,0.0283541301009907,0.34626634672214607,0.4574124943439557,1.3623403934181308e-45,722,11552,False,"spécification primaire sur le sous-groupe ; covariables : log_pop, share_women_1549, share_foreign, pretrend_pre (doublement robuste) ; contrôle = not_yet_treated ; fenêtre 2007-2022 ; 722 traitées, 0 jamais traitées sur la fenêtre ; ATT(g,t) identifiés jusqu'en 2015 (sans unité jamais traitée, la dernière cohorte sert de contrôle) ; moyenne de tous les ATT(g,t) post",simple,0.0,722.0,0.0,0.0,2007.0,2022.0,2007,2015,722,1,dr,,,,,
h6,H6,H6,"log(naissances de rang 1+0,5 / 1 000 f. 15-49)",rang 1,cs,Wald pré (-8..-2),254.1030610174836,,,,3.7081465988445814e-51,722,11552,False,"H5c : test de Wald joint de nullité des coefficients pré avec covariance des fonctions d'influence, df = 7 ; fenêtre 2007-2022 ; 722 traitées, 0 jamais traitées sur la fenêtre",pre_test,0.0,722.0,0.0,0.0,2007.0,2022.0,2007,2015,722,1,dr,,,,7.0,
h6,H6,H6,"log(naissances de rang 2++0,5 / 1 000 f. 15-49)",rang 2 et plus,cs,-8,4.743674329958667,0.28568317261334847,4.183745600647365,5.303603059269969,6.447552905158266e-62,722,11552,False,"spécification primaire sur le sous-groupe ; covariables : log_pop, share_women_1549, share_foreign, pretrend_pre (doublement robuste) ; contrôle = not_yet_treated ; fenêtre 2007-2022 ; 722 traitées, 0 jamais traitées sur la fenêtre ; ATT(g,t) identifiés jusqu'en 2015 (sans unité jamais traitée, la dernière cohorte sert de contrôle)",event,0.0,722.0,0.0,0.0,2007.0,2022.0,2007,2015,722,1,dr,1.0,156.0,,,
h6,H6,H6,"log(naissances de rang 2++0,5 / 1 000 f. 15-49)",rang 2 et plus,cs,-7,-0.6534252609719273,0.09824775117873569,-0.8459873148443019,-0.46086320709955275,2.915219689398884e-11,722,11552,False,"spécification primaire sur le sous-groupe ; covariables : log_pop, share_women_1549, share_foreign, pretrend_pre (doublement robuste) ; contrôle = not_yet_treated ; fenêtre 2007-2022 ; 722 traitées, 0 jamais traitées sur la fenêtre ; ATT(g,t) identifiés jusqu'en 2015 (sans unité jamais traitée, la dernière cohorte sert de contrôle)",event,0.0,722.0,0.0,0.0,2007.0,2022.0,2007,2015,722,1,dr,2.0,544.0,,,
h6,H6,H6,"log(naissances de rang 2++0,5 / 1 000 f. 15-49)",rang 2 et plus,cs,-6,-0.27358637171629013,0.0340966041570237,-0.3404144878591753,-0.206758255573405,1.024732444785314e-15,722,11552,False,"spécification primaire sur le sous-groupe ; covariables : log_pop, share_women_1549, share_foreign, pretrend_pre (doublement robuste) ; contrôle = not_yet_treated ; fenêtre 2007-2022 ; 722 traitées, 0 jamais traitées sur la fenêtre ; ATT(g,t) identifiés jusqu'en 2015 (sans unité jamais traitée, la dernière cohorte sert de contrôle)",event,0.0,722.0,0.0,0.0,2007.0,2022.0,2007,2015,722,1,dr,3.0,719.0,,,
h6,H6,H6,"log(naissances de rang 2++0,5 / 1 000 f. 15-49)",rang 2 et plus,cs,-5,-0.5996966313816074,0.07559442825760572,-0.7478589881984117,-0.4515342745648033,2.1377697725090976e-15,722,11552,False,"spécification primaire sur le sous-groupe ; covariables : log_pop, share_women_1549, share_foreign, pretrend_pre (doublement robuste) ; contrôle = not_yet_treated ; fenêtre 2007-2022 ; 722 traitées, 0 jamais traitées sur la fenêtre ; ATT(g,t) identifiés jusqu'en 2015 (sans unité jamais traitée, la dernière cohorte sert de contrôle)",event,0.0,722.0,0.0,0.0,2007.0,2022.0,2007,2015,722,1,dr,3.0,719.0,,,
h6,H6,H6,"log(naissances de rang 2++0,5 / 1 000 f. 15-49)",rang 2 et plus,cs,-4,-0.3518558653997995,0.04366372545565494,-0.43743519472372794,-0.2662765360758711,7.735600733127209e-16,722,11552,False,"spécification primaire sur le sous-groupe ; covariables : log_pop, share_women_1549, share_foreign, pretrend_pre (doublement robuste) ; contrôle = not_yet_treated ; fenêtre 2007-2022 ; 722 traitées, 0 jamais traitées sur la fenêtre ; ATT(g,t) identifiés jusqu'en 2015 (sans unité jamais traitée, la dernière cohorte sert de contrôle)",event,0.0,722.0,0.0,0.0,2007.0,2022.0,2007,2015,722,1,dr,3.0,719.0,,,
h6,H6,H6,"log(naissances de rang 2++0,5 / 1 000 f. 15-49)",rang 2 et plus,cs,-3,-0.1051602796925656,0.018261405727297973,-0.1409519772251431,-0.06936858215998809,8.481032657380497e-09,722,11552,False,"spécification primaire sur le sous-groupe ; covariables : log_pop, share_women_1549, share_foreign, pretrend_pre (doublement robuste) ; contrôle = not_yet_treated ; fenêtre 2007-2022 ; 722 traitées, 0 jamais traitées sur la fenêtre ; ATT(g,t) identifiés jusqu'en 2015 (sans unité jamais traitée, la dernière cohorte sert de contrôle)",event,0.0,722.0,0.0,0.0,2007.0,2022.0,2007,2015,722,1,dr,3.0,719.0,,,
h6,H6,H6,"log(naissances de rang 2++0,5 / 1 000 f. 15-49)",rang 2 et plus,cs,-2,-0.3094159110847129,0.038295410884870255,-0.38447353719222177,-0.234358284977204,6.491962790943229e-16,722,11552,False,"spécification primaire sur le sous-groupe ; covariables : log_pop, share_women_1549, share_foreign, pretrend_pre (doublement robuste) ; contrôle = not_yet_treated ; fenêtre 2007-2022 ; 722 traitées, 0 jamais traitées sur la fenêtre ; ATT(g,t) identifiés jusqu'en 2015 (sans unité jamais traitée, la dernière cohorte sert de contrôle)",event,0.0,722.0,0.0,0.0,2007.0,2022.0,2007,2015,722,1,dr,3.0,719.0,,,
h6,H6,H6,"log(naissances de rang 2++0,5 / 1 000 f. 15-49)",rang 2 et plus,cs,0,-0.4825156045834048,0.054860466031084444,-0.5900401421794134,-0.37499106698739626,1.4263508135939068e-18,722,11552,False,"spécification primaire sur le sous-groupe ; covariables : log_pop, share_women_1549, share_foreign, pretrend_pre (doublement robuste) ; contrôle = not_yet_treated ; fenêtre 2007-2022 ; 722 traitées, 0 jamais traitées sur la fenêtre ; ATT(g,t) identifiés jusqu'en 2015 (sans unité jamais traitée, la dernière cohorte sert de contrôle)",event,0.0,722.0,0.0,0.0,2007.0,2022.0,2007,2015,722,1,dr,3.0,719.0,,,
h6,H6,H6,"log(naissances de rang 2++0,5 / 1 000 f. 15-49)",rang 2 et plus,cs,1,-0.4236204278307562,0.04118586363299473,-0.5043432372236039,-0.34289761843790856,8.184918735839222e-25,722,11552,False,"spécification primaire sur le sous-groupe ; covariables : log_pop, share_women_1549, share_foreign, pretrend_pre (doublement robuste) ; contrôle = not_yet_treated ; fenêtre 2007-2022 ; 722 traitées, 0 jamais traitées sur la fenêtre ; ATT(g,t) identifiés jusqu'en 2015 (sans unité jamais traitée, la dernière cohorte sert de contrôle)",event,0.0,722.0,0.0,0.0,2007.0,2022.0,2007,2015,722,1,dr,2.0,563.0,,,
h6,H6,H6,"log(naissances de rang 2++0,5 / 1 000 f. 15-49)",rang 2 et plus,cs,"ATT[1,1]",-0.4236204278307562,0.04118586363299473,-0.5043432372236039,-0.34289761843790856,8.184918735839222e-25,722,11552,False,"spécification primaire sur le sous-groupe ; covariables : log_pop, share_women_1549, share_foreign, pretrend_pre (doublement robuste) ; contrôle = not_yet_treated ; fenêtre 2007-2022 ; 722 traitées, 0 jamais traitées sur la fenêtre ; ATT(g,t) identifiés jusqu'en 2015 (sans unité jamais traitée, la dernière cohorte sert de contrôle) ; écart-type avec covariance complète des coefficients (fonctions d'influence)",post_avg,0.0,722.0,0.0,0.0,2007.0,2022.0,2007,2015,722,1,dr,,,1.0,,
h6,H6,H6,"log(naissances de rang 2++0,5 / 1 000 f. 15-49)",rang 2 et plus,cs,ATT,-0.4566513420937471,0.03738502434202364,-0.5299246433652667,-0.3833780408222275,2.590743137522862e-34,722,11552,False,"spécification primaire sur le sous-groupe ; covariables : log_pop, share_women_1549, share_foreign, pretrend_pre (doublement robuste) ; contrôle = not_yet_treated ; fenêtre 2007-2022 ; 722 traitées, 0 jamais traitées sur la fenêtre ; ATT(g,t) identifiés jusqu'en 2015 (sans unité jamais traitée, la dernière cohorte sert de contrôle) ; moyenne de tous les ATT(g,t) post",simple,0.0,722.0,0.0,0.0,2007.0,2022.0,2007,2015,722,1,dr,,,,,
h6,H6,H6,"log(naissances de rang 2++0,5 / 1 000 f. 15-49)",rang 2 et plus,cs,Wald pré (-8..-2),356.8588399983139,,,,4.190547318585359e-73,722,11552,False,"H5c : test de Wald joint de nullité des coefficients pré avec covariance des fonctions d'influence, df = 7 ; fenêtre 2007-2022 ; 722 traitées, 0 jamais traitées sur la fenêtre",pre_test,0.0,722.0,0.0,0.0,2007.0,2022.0,2007,2015,722,1,dr,,,,7.0,
h6,H6,H6,"log(naissances+0,5 / 1 000 f. 15-49) — population 2013 : tercile 1",unités avec covariables,cs,"ATT[1,1] (Holm)",0.20885872082660176,0.03484911439581324,0.14055571117892607,0.27716173047427745,2.057149255200945e-09,241,3856,False,"p brut 0.0000, p Holm 0.0000 (famille : les 5 sous-groupes H6, 5 tests ; k diffère dans la famille : [0, 1])",post_avg_holm,,,,,,,2007,2015,241,1,,,,,,6.171447765602836e-09
h6,H6,H6,"log(naissances+0,5 / 1 000 f. 15-49) — population 2013 : tercile 2",unités avec covariables,cs,"ATT[1,1] (Holm)",-0.06695886499380531,0.03098516479617638,-0.12768867252837834,-0.0062290574592322664,0.030695529211035466,240,3840,False,"p brut 0.0307, p Holm 0.0614 (famille : les 5 sous-groupes H6, 5 tests ; k diffère dans la famille : [0, 1])",post_avg_holm,,,,,,,2007,2014,240,1,,,,,,0.06139105842207093
h6,H6,H6,"log(naissances+0,5 / 1 000 f. 15-49) — population 2013 : tercile 3",unités avec covariables,cs,"ATT[1,0] (Holm)",,,,,,241,3856,False,"p brut nan, p Holm 1.0000 (famille : les 5 sous-groupes H6, 5 tests ; k diffère dans la famille : [0, 1])",post_avg_holm,,,,,,,2007,2013,241,0,,,,,,1.0
h6,H6,H6,"log(naissances de rang 1+0,5 / 1 000 f. 15-49) — rang 1",unités avec covariables,cs,"ATT[1,1] (Holm)",0.544554969301744,0.045706730202293135,0.4549714235475367,0.6341385150559512,9.992859999957638e-33,722,11552,False,"p brut 0.0000, p Holm 0.0000 (famille : les 5 sous-groupes H6, 5 tests ; k diffère dans la famille : [0, 1])",post_avg_holm,,,,,,,2007,2015,722,1,,,,,,4.996429999978818e-32
h6,H6,H6,"log(naissances de rang 2++0,5 / 1 000 f. 15-49) — rang 2 et plus",unités avec covariables,cs,"ATT[1,1] (Holm)",-0.4236204278307562,0.04118586363299473,-0.5043432378603351,-0.34289761780117733,8.184918735839222e-25,722,11552,False,"p brut 0.0000, p Holm 0.0000 (famille : les 5 sous-groupes H6, 5 tests ; k diffère dans la famille : [0, 1])",post_avg_holm,,,,,,,2007,2015,722,1,,,,,,3.2739674943356888e-24
