part,family,hypothesis,outcome,sample,estimator,term,estimate,se,ci_low,ci_high,p,n_units,n_obs,exploratory,notes,aggregation,n_never,n_treated,n_late_recoded,n_unbalanced,year_min,year_max,years_model_min,years_model_max,n_clusters,k_post,est_method,n_cohorts,n_units_rel,k_periods,df
robust,robustesse,H1,"log(naissances+0,5 / 1 000 f. 15-49)",fenêtre 2007-2019 (hors COVID),cs,-8,7.775185257902747,0.5242135611734424,6.747745557795315,8.802624958010178,9.085284858839661e-50,722,9386,False," ; covariables : log_pop, share_women_1549, share_foreign, pretrend_pre (doublement robuste) ; contrôle = not_yet_treated ; fenêtre 2007-2019 ; 722 traitées, 0 jamais traitées sur la fenêtre ; ATT(g,t) identifiés jusqu'en 2015 (sans unité jamais traitée, la dernière cohorte sert de contrôle)",event,0,722,0,0,2007,2019,2007.0,2015.0,722.0,1.0,dr,1.0,156.0,,
robust,robustesse,H1,"log(naissances+0,5 / 1 000 f. 15-49)",fenêtre 2007-2019 (hors COVID),cs,-7,-0.1730532180594976,0.0792651226391365,-0.3284100036623556,-0.0176964324566396,0.02901959680367461,722,9386,False," ; covariables : log_pop, share_women_1549, share_foreign, pretrend_pre (doublement robuste) ; contrôle = not_yet_treated ; fenêtre 2007-2019 ; 722 traitées, 0 jamais traitées sur la fenêtre ; ATT(g,t) identifiés jusqu'en 2015 (sans unité jamais traitée, la dernière cohorte sert de contrôle)",event,0,722,0,0,2007,2019,2007.0,2015.0,722.0,1.0,dr,2.0,544.0,,
robust,robustesse,H1,"log(naissances+0,5 / 1 000 f. 15-49)",fenêtre 2007-2019 (hors COVID),cs,-6,0.0974519724869898,0.027217223090750538,0.04410719546992681,0.15079674950405278,0.00034290333615808453,722,9386,False," ; covariables : log_pop, share_women_1549, share_foreign, pretrend_pre (doublement robuste) ; contrôle = not_yet_treated ; fenêtre 2007-2019 ; 722 traitées, 0 jamais traitées sur la fenêtre ; ATT(g,t) identifiés jusqu'en 2015 (sans unité jamais traitée, la dernière cohorte sert de contrôle)",event,0,722,0,0,2007,2019,2007.0,2015.0,722.0,1.0,dr,3.0,719.0,,
robust,robustesse,H1,"log(naissances+0,5 / 1 000 f. 15-49)",fenêtre 2007-2019 (hors COVID),cs,-5,0.022740662201515195,0.011947555956686643,-0.0006761171768676147,0.046157441579898005,0.05699181757430539,722,9386,False," ; covariables : log_pop, share_women_1549, share_foreign, pretrend_pre (doublement robuste) ; contrôle = not_yet_treated ; fenêtre 2007-2019 ; 722 traitées, 0 jamais traitées sur la fenêtre ; ATT(g,t) identifiés jusqu'en 2015 (sans unité jamais traitée, la dernière cohorte sert de contrôle)",event,0,722,0,0,2007,2019,2007.0,2015.0,722.0,1.0,dr,3.0,719.0,,
robust,robustesse,H1,"log(naissances+0,5 / 1 000 f. 15-49)",fenêtre 2007-2019 (hors COVID),cs,-4,0.06026894151290453,0.01440189141079124,0.03204175303849695,0.08849612998731211,2.8542545321566747e-05,722,9386,False," ; covariables : log_pop, share_women_1549, share_foreign, pretrend_pre (doublement robuste) ; contrôle = not_yet_treated ; fenêtre 2007-2019 ; 722 traitées, 0 jamais traitées sur la fenêtre ; ATT(g,t) identifiés jusqu'en 2015 (sans unité jamais traitée, la dernière cohorte sert de contrôle)",event,0,722,0,0,2007,2019,2007.0,2015.0,722.0,1.0,dr,3.0,719.0,,
robust,robustesse,H1,"log(naissances+0,5 / 1 000 f. 15-49)",fenêtre 2007-2019 (hors COVID),cs,-3,0.0698917158290532,0.012679453912611093,0.04504044281669998,0.09474298884140642,3.543711352762465e-08,722,9386,False," ; covariables : log_pop, share_women_1549, share_foreign, pretrend_pre (doublement robuste) ; contrôle = not_yet_treated ; fenêtre 2007-2019 ; 722 traitées, 0 jamais traitées sur la fenêtre ; ATT(g,t) identifiés jusqu'en 2015 (sans unité jamais traitée, la dernière cohorte sert de contrôle)",event,0,722,0,0,2007,2019,2007.0,2015.0,722.0,1.0,dr,3.0,719.0,,
robust,robustesse,H1,"log(naissances+0,5 / 1 000 f. 15-49)",fenêtre 2007-2019 (hors COVID),cs,-2,-0.05695967284694201,0.014415461747457491,-0.08521345869247353,-0.0287058870014105,7.773099549442671e-05,722,9386,False," ; covariables : log_pop, share_women_1549, share_foreign, pretrend_pre (doublement robuste) ; contrôle = not_yet_treated ; fenêtre 2007-2019 ; 722 traitées, 0 jamais traitées sur la fenêtre ; ATT(g,t) identifiés jusqu'en 2015 (sans unité jamais traitée, la dernière cohorte sert de contrôle)",event,0,722,0,0,2007,2019,2007.0,2015.0,722.0,1.0,dr,3.0,719.0,,
robust,robustesse,H1,"log(naissances+0,5 / 1 000 f. 15-49)",fenêtre 2007-2019 (hors COVID),cs,0,0.003179022194832872,0.012610656183829292,-0.02153740974688986,0.027895454136555604,0.8009713841873618,722,9386,False," ; covariables : log_pop, share_women_1549, share_foreign, pretrend_pre (doublement robuste) ; contrôle = not_yet_treated ; fenêtre 2007-2019 ; 722 traitées, 0 jamais traitées sur la fenêtre ; ATT(g,t) identifiés jusqu'en 2015 (sans unité jamais traitée, la dernière cohorte sert de contrôle)",event,0,722,0,0,2007,2019,2007.0,2015.0,722.0,1.0,dr,3.0,719.0,,
robust,robustesse,H1,"log(naissances+0,5 / 1 000 f. 15-49)",fenêtre 2007-2019 (hors COVID),cs,1,0.2049914168950981,0.02237995014370167,0.1611275206376408,0.24885531315255538,5.208948593359828e-20,722,9386,False," ; covariables : log_pop, share_women_1549, share_foreign, pretrend_pre (doublement robuste) ; contrôle = not_yet_treated ; fenêtre 2007-2019 ; 722 traitées, 0 jamais traitées sur la fenêtre ; ATT(g,t) identifiés jusqu'en 2015 (sans unité jamais traitée, la dernière cohorte sert de contrôle)",event,0,722,0,0,2007,2019,2007.0,2015.0,722.0,1.0,dr,2.0,563.0,,
robust,robustesse,H1,"log(naissances+0,5 / 1 000 f. 15-49)",fenêtre 2007-2019 (hors COVID),cs,"ATT[1,1]",0.2049914168950981,0.02237995014370167,0.1611275206376408,0.24885531315255538,5.208948593359828e-20,722,9386,False," ; covariables : log_pop, share_women_1549, share_foreign, pretrend_pre (doublement robuste) ; contrôle = not_yet_treated ; fenêtre 2007-2019 ; 722 traitées, 0 jamais traitées sur la fenêtre ; ATT(g,t) identifiés jusqu'en 2015 (sans unité jamais traitée, la dernière cohorte sert de contrôle) ; écart-type avec covariance complète des coefficients (fonctions d'influence)",post_avg,0,722,0,0,2007,2019,2007.0,2015.0,722.0,1.0,dr,,,1.0,
robust,robustesse,H1,"log(naissances+0,5 / 1 000 f. 15-49)",fenêtre 2007-2019 (hors COVID),cs,ATT,0.09180646230111159,0.01381609679091711,0.06472741018399464,0.11888551441822853,3.0344079122829094e-11,722,9386,False," ; covariables : log_pop, share_women_1549, share_foreign, pretrend_pre (doublement robuste) ; contrôle = not_yet_treated ; fenêtre 2007-2019 ; 722 traitées, 0 jamais traitées sur la fenêtre ; ATT(g,t) identifiés jusqu'en 2015 (sans unité jamais traitée, la dernière cohorte sert de contrôle) ; moyenne de tous les ATT(g,t) post",simple,0,722,0,0,2007,2019,2007.0,2015.0,722.0,1.0,dr,,,,
robust,robustesse,H1,"log(naissances+0,5 / 1 000 f. 15-49)",fenêtre 2007-2019 (hors COVID),cs,Wald pré (-8..-2),276.73505377057495,,,,5.579771266363553e-56,722,9386,False,"H5c : test de Wald joint de nullité des coefficients pré avec covariance des fonctions d'influence, df = 7 ; fenêtre 2007-2019 ; 722 traitées, 0 jamais traitées sur la fenêtre",pre_test,0,722,0,0,2007,2019,2007.0,2015.0,722.0,1.0,dr,,,,7.0
robust,robustesse,H1,"log(naissances+0,5 / 1 000 f. 15-49)",sans 2020-2021,cs,-8,7.775185257902747,0.5242135611734424,6.747745557795315,8.802624958010178,9.085284858839661e-50,722,10108,False," ; covariables : log_pop, share_women_1549, share_foreign, pretrend_pre (doublement robuste) ; contrôle = not_yet_treated ; fenêtre 2007-2022 ; 722 traitées, 0 jamais traitées sur la fenêtre ; ATT(g,t) identifiés jusqu'en 2015 (sans unité jamais traitée, la dernière cohorte sert de contrôle)",event,0,722,0,0,2007,2022,2007.0,2015.0,722.0,1.0,dr,1.0,156.0,,
robust,robustesse,H1,"log(naissances+0,5 / 1 000 f. 15-49)",sans 2020-2021,cs,-7,-0.1730532180594976,0.0792651226391365,-0.3284100036623556,-0.0176964324566396,0.02901959680367461,722,10108,False," ; covariables : log_pop, share_women_1549, share_foreign, pretrend_pre (doublement robuste) ; contrôle = not_yet_treated ; fenêtre 2007-2022 ; 722 traitées, 0 jamais traitées sur la fenêtre ; ATT(g,t) identifiés jusqu'en 2015 (sans unité jamais traitée, la dernière cohorte sert de contrôle)",event,0,722,0,0,2007,2022,2007.0,2015.0,722.0,1.0,dr,2.0,544.0,,
robust,robustesse,H1,"log(naissances+0,5 / 1 000 f. 15-49)",sans 2020-2021,cs,-6,0.0974519724869898,0.027217223090750538,0.04410719546992681,0.15079674950405278,0.00034290333615808453,722,10108,False," ; covariables : log_pop, share_women_1549, share_foreign, pretrend_pre (doublement robuste) ; contrôle = not_yet_treated ; fenêtre 2007-2022 ; 722 traitées, 0 jamais traitées sur la fenêtre ; ATT(g,t) identifiés jusqu'en 2015 (sans unité jamais traitée, la dernière cohorte sert de contrôle)",event,0,722,0,0,2007,2022,2007.0,2015.0,722.0,1.0,dr,3.0,719.0,,
robust,robustesse,H1,"log(naissances+0,5 / 1 000 f. 15-49)",sans 2020-2021,cs,-5,0.022740662201515195,0.011947555956686643,-0.0006761171768676147,0.046157441579898005,0.05699181757430539,722,10108,False," ; covariables : log_pop, share_women_1549, share_foreign, pretrend_pre (doublement robuste) ; contrôle = not_yet_treated ; fenêtre 2007-2022 ; 722 traitées, 0 jamais traitées sur la fenêtre ; ATT(g,t) identifiés jusqu'en 2015 (sans unité jamais traitée, la dernière cohorte sert de contrôle)",event,0,722,0,0,2007,2022,2007.0,2015.0,722.0,1.0,dr,3.0,719.0,,
robust,robustesse,H1,"log(naissances+0,5 / 1 000 f. 15-49)",sans 2020-2021,cs,-4,0.06026894151290453,0.01440189141079124,0.03204175303849695,0.08849612998731211,2.8542545321566747e-05,722,10108,False," ; covariables : log_pop, share_women_1549, share_foreign, pretrend_pre (doublement robuste) ; contrôle = not_yet_treated ; fenêtre 2007-2022 ; 722 traitées, 0 jamais traitées sur la fenêtre ; ATT(g,t) identifiés jusqu'en 2015 (sans unité jamais traitée, la dernière cohorte sert de contrôle)",event,0,722,0,0,2007,2022,2007.0,2015.0,722.0,1.0,dr,3.0,719.0,,
robust,robustesse,H1,"log(naissances+0,5 / 1 000 f. 15-49)",sans 2020-2021,cs,-3,0.0698917158290532,0.012679453912611093,0.04504044281669998,0.09474298884140642,3.543711352762465e-08,722,10108,False," ; covariables : log_pop, share_women_1549, share_foreign, pretrend_pre (doublement robuste) ; contrôle = not_yet_treated ; fenêtre 2007-2022 ; 722 traitées, 0 jamais traitées sur la fenêtre ; ATT(g,t) identifiés jusqu'en 2015 (sans unité jamais traitée, la dernière cohorte sert de contrôle)",event,0,722,0,0,2007,2022,2007.0,2015.0,722.0,1.0,dr,3.0,719.0,,
robust,robustesse,H1,"log(naissances+0,5 / 1 000 f. 15-49)",sans 2020-2021,cs,-2,-0.05695967284694201,0.014415461747457491,-0.08521345869247353,-0.0287058870014105,7.773099549442671e-05,722,10108,False," ; covariables : log_pop, share_women_1549, share_foreign, pretrend_pre (doublement robuste) ; contrôle = not_yet_treated ; fenêtre 2007-2022 ; 722 traitées, 0 jamais traitées sur la fenêtre ; ATT(g,t) identifiés jusqu'en 2015 (sans unité jamais traitée, la dernière cohorte sert de contrôle)",event,0,722,0,0,2007,2022,2007.0,2015.0,722.0,1.0,dr,3.0,719.0,,
robust,robustesse,H1,"log(naissances+0,5 / 1 000 f. 15-49)",sans 2020-2021,cs,0,0.003179022194832872,0.012610656183829292,-0.02153740974688986,0.027895454136555604,0.8009713841873618,722,10108,False," ; covariables : log_pop, share_women_1549, share_foreign, pretrend_pre (doublement robuste) ; contrôle = not_yet_treated ; fenêtre 2007-2022 ; 722 traitées, 0 jamais traitées sur la fenêtre ; ATT(g,t) identifiés jusqu'en 2015 (sans unité jamais traitée, la dernière cohorte sert de contrôle)",event,0,722,0,0,2007,2022,2007.0,2015.0,722.0,1.0,dr,3.0,719.0,,
robust,robustesse,H1,"log(naissances+0,5 / 1 000 f. 15-49)",sans 2020-2021,cs,1,0.2049914168950981,0.02237995014370167,0.1611275206376408,0.24885531315255538,5.208948593359828e-20,722,10108,False," ; covariables : log_pop, share_women_1549, share_foreign, pretrend_pre (doublement robuste) ; contrôle = not_yet_treated ; fenêtre 2007-2022 ; 722 traitées, 0 jamais traitées sur la fenêtre ; ATT(g,t) identifiés jusqu'en 2015 (sans unité jamais traitée, la dernière cohorte sert de contrôle)",event,0,722,0,0,2007,2022,2007.0,2015.0,722.0,1.0,dr,2.0,563.0,,
robust,robustesse,H1,"log(naissances+0,5 / 1 000 f. 15-49)",sans 2020-2021,cs,"ATT[1,1]",0.2049914168950981,0.02237995014370167,0.1611275206376408,0.24885531315255538,5.208948593359828e-20,722,10108,False," ; covariables : log_pop, share_women_1549, share_foreign, pretrend_pre (doublement robuste) ; contrôle = not_yet_treated ; fenêtre 2007-2022 ; 722 traitées, 0 jamais traitées sur la fenêtre ; ATT(g,t) identifiés jusqu'en 2015 (sans unité jamais traitée, la dernière cohorte sert de contrôle) ; écart-type avec covariance complète des coefficients (fonctions d'influence)",post_avg,0,722,0,0,2007,2022,2007.0,2015.0,722.0,1.0,dr,,,1.0,
robust,robustesse,H1,"log(naissances+0,5 / 1 000 f. 15-49)",sans 2020-2021,cs,ATT,0.09180646230111159,0.01381609679091711,0.06472741018399464,0.11888551441822853,3.0344079122829094e-11,722,10108,False," ; covariables : log_pop, share_women_1549, share_foreign, pretrend_pre (doublement robuste) ; contrôle = not_yet_treated ; fenêtre 2007-2022 ; 722 traitées, 0 jamais traitées sur la fenêtre ; ATT(g,t) identifiés jusqu'en 2015 (sans unité jamais traitée, la dernière cohorte sert de contrôle) ; moyenne de tous les ATT(g,t) post",simple,0,722,0,0,2007,2022,2007.0,2015.0,722.0,1.0,dr,,,,
robust,robustesse,H1,"log(naissances+0,5 / 1 000 f. 15-49)",sans 2020-2021,cs,Wald pré (-8..-2),276.73505377057495,,,,5.579771266363553e-56,722,10108,False,"H5c : test de Wald joint de nullité des coefficients pré avec covariance des fonctions d'influence, df = 7 ; fenêtre 2007-2022 ; 722 traitées, 0 jamais traitées sur la fenêtre",pre_test,0,722,0,0,2007,2022,2007.0,2015.0,722.0,1.0,dr,,,,7.0
robust,robustesse,H1,"log(naissances+0,5 / 1 000 f. 15-49)",grappes = province (52),cs,-8,7.775185257902747,1.0202701605216768,5.77549248877936,9.774878027026134,2.522798667107639e-14,722,11552,False," ; covariables : log_pop, share_women_1549, share_foreign, pretrend_pre (doublement robuste) ; contrôle = not_yet_treated ; fenêtre 2007-2022 ; 722 traitées, 0 jamais traitées sur la fenêtre ; ATT(g,t) identifiés jusqu'en 2015 (sans unité jamais traitée, la dernière cohorte sert de contrôle) ; grappes = prov (52)",event,0,722,0,0,2007,2022,2007.0,2015.0,52.0,1.0,dr,1.0,156.0,,
robust,robustesse,H1,"log(naissances+0,5 / 1 000 f. 15-49)",grappes = province (52),cs,-7,-0.1730532180594976,0.08475709629928645,-0.3391740742402921,-0.0069323618787030805,0.041175848354805845,722,11552,False," ; covariables : log_pop, share_women_1549, share_foreign, pretrend_pre (doublement robuste) ; contrôle = not_yet_treated ; fenêtre 2007-2022 ; 722 traitées, 0 jamais traitées sur la fenêtre ; ATT(g,t) identifiés jusqu'en 2015 (sans unité jamais traitée, la dernière cohorte sert de contrôle) ; grappes = prov (52)",event,0,722,0,0,2007,2022,2007.0,2015.0,52.0,1.0,dr,2.0,544.0,,
robust,robustesse,H1,"log(naissances+0,5 / 1 000 f. 15-49)",grappes = province (52),cs,-6,0.0974519724869898,0.04379220507607108,0.01162082773429833,0.18328311723968127,0.026059300084153438,722,11552,False," ; covariables : log_pop, share_women_1549, share_foreign, pretrend_pre (doublement robuste) ; contrôle = not_yet_treated ; fenêtre 2007-2022 ; 722 traitées, 0 jamais traitées sur la fenêtre ; ATT(g,t) identifiés jusqu'en 2015 (sans unité jamais traitée, la dernière cohorte sert de contrôle) ; grappes = prov (52)",event,0,722,0,0,2007,2022,2007.0,2015.0,52.0,1.0,dr,3.0,719.0,,
robust,robustesse,H1,"log(naissances+0,5 / 1 000 f. 15-49)",grappes = province (52),cs,-5,0.022740662201515195,0.014955427701451699,-0.006571437466722778,0.05205276186975317,0.12836966893610116,722,11552,False," ; covariables : log_pop, share_women_1549, share_foreign, pretrend_pre (doublement robuste) ; contrôle = not_yet_treated ; fenêtre 2007-2022 ; 722 traitées, 0 jamais traitées sur la fenêtre ; ATT(g,t) identifiés jusqu'en 2015 (sans unité jamais traitée, la dernière cohorte sert de contrôle) ; grappes = prov (52)",event,0,722,0,0,2007,2022,2007.0,2015.0,52.0,1.0,dr,3.0,719.0,,
robust,robustesse,H1,"log(naissances+0,5 / 1 000 f. 15-49)",grappes = province (52),cs,-4,0.06026894151290453,0.02081333129610116,0.0194755617742459,0.10106232125156317,0.003783267262790984,722,11552,False," ; covariables : log_pop, share_women_1549, share_foreign, pretrend_pre (doublement robuste) ; contrôle = not_yet_treated ; fenêtre 2007-2022 ; 722 traitées, 0 jamais traitées sur la fenêtre ; ATT(g,t) identifiés jusqu'en 2015 (sans unité jamais traitée, la dernière cohorte sert de contrôle) ; grappes = prov (52)",event,0,722,0,0,2007,2022,2007.0,2015.0,52.0,1.0,dr,3.0,719.0,,
robust,robustesse,H1,"log(naissances+0,5 / 1 000 f. 15-49)",grappes = province (52),cs,-3,0.0698917158290532,0.02079381554508727,0.029136586259513028,0.11064684539859336,0.000776107850192258,722,11552,False," ; covariables : log_pop, share_women_1549, share_foreign, pretrend_pre (doublement robuste) ; contrôle = not_yet_treated ; fenêtre 2007-2022 ; 722 traitées, 0 jamais traitées sur la fenêtre ; ATT(g,t) identifiés jusqu'en 2015 (sans unité jamais traitée, la dernière cohorte sert de contrôle) ; grappes = prov (52)",event,0,722,0,0,2007,2022,2007.0,2015.0,52.0,1.0,dr,3.0,719.0,,
robust,robustesse,H1,"log(naissances+0,5 / 1 000 f. 15-49)",grappes = province (52),cs,-2,-0.05695967284694201,0.018880479186190773,-0.09396473206273404,-0.01995461363114999,0.0025541173946346846,722,11552,False," ; covariables : log_pop, share_women_1549, share_foreign, pretrend_pre (doublement robuste) ; contrôle = not_yet_treated ; fenêtre 2007-2022 ; 722 traitées, 0 jamais traitées sur la fenêtre ; ATT(g,t) identifiés jusqu'en 2015 (sans unité jamais traitée, la dernière cohorte sert de contrôle) ; grappes = prov (52)",event,0,722,0,0,2007,2022,2007.0,2015.0,52.0,1.0,dr,3.0,719.0,,
robust,robustesse,H1,"log(naissances+0,5 / 1 000 f. 15-49)",grappes = province (52),cs,0,0.003179022194832872,0.011856410700828471,-0.02005911576470623,0.026417160154371976,0.7886016697851955,722,11552,False," ; covariables : log_pop, share_women_1549, share_foreign, pretrend_pre (doublement robuste) ; contrôle = not_yet_treated ; fenêtre 2007-2022 ; 722 traitées, 0 jamais traitées sur la fenêtre ; ATT(g,t) identifiés jusqu'en 2015 (sans unité jamais traitée, la dernière cohorte sert de contrôle) ; grappes = prov (52)",event,0,722,0,0,2007,2022,2007.0,2015.0,52.0,1.0,dr,3.0,719.0,,
robust,robustesse,H1,"log(naissances+0,5 / 1 000 f. 15-49)",grappes = province (52),cs,1,0.2049914168950981,0.03589704194795748,0.13463450752557787,0.2753483262646183,1.1261968341520169e-08,722,11552,False," ; covariables : log_pop, share_women_1549, share_foreign, pretrend_pre (doublement robuste) ; contrôle = not_yet_treated ; fenêtre 2007-2022 ; 722 traitées, 0 jamais traitées sur la fenêtre ; ATT(g,t) identifiés jusqu'en 2015 (sans unité jamais traitée, la dernière cohorte sert de contrôle) ; grappes = prov (52)",event,0,722,0,0,2007,2022,2007.0,2015.0,52.0,1.0,dr,2.0,563.0,,
robust,robustesse,H1,"log(naissances+0,5 / 1 000 f. 15-49)",grappes = province (52),cs,"ATT[1,1]",0.2049914168950981,0.03589704194795748,0.13463450752557787,0.2753483262646183,1.1261968341520169e-08,722,11552,False," ; covariables : log_pop, share_women_1549, share_foreign, pretrend_pre (doublement robuste) ; contrôle = not_yet_treated ; fenêtre 2007-2022 ; 722 traitées, 0 jamais traitées sur la fenêtre ; ATT(g,t) identifiés jusqu'en 2015 (sans unité jamais traitée, la dernière cohorte sert de contrôle) ; grappes = prov (52) ; écart-type avec covariance complète des coefficients (fonctions d'influence)",post_avg,0,722,0,0,2007,2022,2007.0,2015.0,52.0,1.0,dr,,,1.0,
robust,robustesse,H1,"log(naissances+0,5 / 1 000 f. 15-49)",grappes = province (52),cs,ATT,0.09180646230111159,0.018470287625643345,0.0556053637707548,0.12800756083146836,6.678237015721645e-07,722,11552,False," ; covariables : log_pop, share_women_1549, share_foreign, pretrend_pre (doublement robuste) ; contrôle = not_yet_treated ; fenêtre 2007-2022 ; 722 traitées, 0 jamais traitées sur la fenêtre ; ATT(g,t) identifiés jusqu'en 2015 (sans unité jamais traitée, la dernière cohorte sert de contrôle) ; grappes = prov (52) ; moyenne de tous les ATT(g,t) post",simple,0,722,0,0,2007,2022,2007.0,2015.0,52.0,1.0,dr,,,,
robust,robustesse,H1,"log(naissances+0,5 / 1 000 f. 15-49)",grappes = province (52),cs,Wald pré (-8..-2),136.70889968531174,,,,2.4849594430559987e-26,722,11552,False,"H5c : test de Wald joint de nullité des coefficients pré avec covariance des fonctions d'influence, df = 7 ; fenêtre 2007-2022 ; 722 traitées, 0 jamais traitées sur la fenêtre",pre_test,0,722,0,0,2007,2022,2007.0,2015.0,52.0,1.0,dr,,,,7.0
robust,robustesse,H1,"log(naissances+0,5 / 1 000 f. 15-49)","grappes = province (52) ; fenêtre identifiée ≤ 2015, cohorte 2016 = contrôle",twfe,-8,0.8235160615348073,0.6659458760587764,-0.48171387119336917,2.128745994262984,0.21623149746769055,722,11552,False," ; fenêtre 2007-2022 ; 722 traitées, 0 jamais traitées sur la fenêtre ; covariables invariantes dans le temps absorbées par les effets fixes unité : log_pop, share_women_1549, share_foreign, pretrend_pre ; comparaisons sur la fenêtre identifiée (années < 2016, cohorte 2016 recodée contrôle, 3 unités de contrôle) ; cellules −8 et +8 bornées",event,0,722,0,0,2007,2022,,,,,,,,,
robust,robustesse,H1,"log(naissances+0,5 / 1 000 f. 15-49)","grappes = province (52) ; fenêtre identifiée ≤ 2015, cohorte 2016 = contrôle",twfe,-7,0.7347564708325163,0.5620457484879872,-0.36683295386779613,1.8363458955328287,0.191114429858113,722,11552,False," ; fenêtre 2007-2022 ; 722 traitées, 0 jamais traitées sur la fenêtre ; covariables invariantes dans le temps absorbées par les effets fixes unité : log_pop, share_women_1549, share_foreign, pretrend_pre ; comparaisons sur la fenêtre identifiée (années < 2016, cohorte 2016 recodée contrôle, 3 unités de contrôle) ; cellules −8 et +8 bornées",event,0,722,0,0,2007,2022,,,,,,,,,
robust,robustesse,H1,"log(naissances+0,5 / 1 000 f. 15-49)","grappes = province (52) ; fenêtre identifiée ≤ 2015, cohorte 2016 = contrôle",twfe,-6,0.6032512378892697,0.4620770404078314,-0.30240311939293907,1.5089055951714785,0.19171553206785574,722,11552,False," ; fenêtre 2007-2022 ; 722 traitées, 0 jamais traitées sur la fenêtre ; covariables invariantes dans le temps absorbées par les effets fixes unité : log_pop, share_women_1549, share_foreign, pretrend_pre ; comparaisons sur la fenêtre identifiée (années < 2016, cohorte 2016 recodée contrôle, 3 unités de contrôle) ; cellules −8 et +8 bornées",event,0,722,0,0,2007,2022,,,,,,,,,
robust,robustesse,H1,"log(naissances+0,5 / 1 000 f. 15-49)","grappes = province (52) ; fenêtre identifiée ≤ 2015, cohorte 2016 = contrôle",twfe,-5,0.49144591494260764,0.36528286436190405,-0.22449534337635396,1.2073871732615693,0.17850108829991929,722,11552,False," ; fenêtre 2007-2022 ; 722 traitées, 0 jamais traitées sur la fenêtre ; covariables invariantes dans le temps absorbées par les effets fixes unité : log_pop, share_women_1549, share_foreign, pretrend_pre ; comparaisons sur la fenêtre identifiée (années < 2016, cohorte 2016 recodée contrôle, 3 unités de contrôle) ; cellules −8 et +8 bornées",event,0,722,0,0,2007,2022,,,,,,,,,
robust,robustesse,H1,"log(naissances+0,5 / 1 000 f. 15-49)","grappes = province (52) ; fenêtre identifiée ≤ 2015, cohorte 2016 = contrôle",twfe,-4,0.36697227446640046,0.27265868898944196,-0.16742893602481357,0.9013734849576145,0.1783336510006882,722,11552,False," ; fenêtre 2007-2022 ; 722 traitées, 0 jamais traitées sur la fenêtre ; covariables invariantes dans le temps absorbées par les effets fixes unité : log_pop, share_women_1549, share_foreign, pretrend_pre ; comparaisons sur la fenêtre identifiée (années < 2016, cohorte 2016 recodée contrôle, 3 unités de contrôle) ; cellules −8 et +8 bornées",event,0,722,0,0,2007,2022,,,,,,,,,
robust,robustesse,H1,"log(naissances+0,5 / 1 000 f. 15-49)","grappes = province (52) ; fenêtre identifiée ≤ 2015, cohorte 2016 = contrôle",twfe,-3,0.24838290767591492,0.181098273380773,-0.10656318581278895,0.6033290011646188,0.17020774647433856,722,11552,False," ; fenêtre 2007-2022 ; 722 traitées, 0 jamais traitées sur la fenêtre ; covariables invariantes dans le temps absorbées par les effets fixes unité : log_pop, share_women_1549, share_foreign, pretrend_pre ; comparaisons sur la fenêtre identifiée (années < 2016, cohorte 2016 recodée contrôle, 3 unités de contrôle) ; cellules −8 et +8 bornées",event,0,722,0,0,2007,2022,,,,,,,,,
robust,robustesse,H1,"log(naissances+0,5 / 1 000 f. 15-49)","grappes = province (52) ; fenêtre identifiée ≤ 2015, cohorte 2016 = contrôle",twfe,-2,0.12310201045945253,0.08951006619228154,-0.052334495531215566,0.29853851645012064,0.1690425542674837,722,11552,False," ; fenêtre 2007-2022 ; 722 traitées, 0 jamais traitées sur la fenêtre ; covariables invariantes dans le temps absorbées par les effets fixes unité : log_pop, share_women_1549, share_foreign, pretrend_pre ; comparaisons sur la fenêtre identifiée (années < 2016, cohorte 2016 recodée contrôle, 3 unités de contrôle) ; cellules −8 et +8 bornées",event,0,722,0,0,2007,2022,,,,,,,,,
robust,robustesse,H1,"log(naissances+0,5 / 1 000 f. 15-49)","grappes = province (52) ; fenêtre identifiée ≤ 2015, cohorte 2016 = contrôle",twfe,0,-0.12119833365530795,0.08989919902271074,-0.2973975259788194,0.05500085866820352,0.1776075367004345,722,11552,False," ; fenêtre 2007-2022 ; 722 traitées, 0 jamais traitées sur la fenêtre ; covariables invariantes dans le temps absorbées par les effets fixes unité : log_pop, share_women_1549, share_foreign, pretrend_pre ; comparaisons sur la fenêtre identifiée (années < 2016, cohorte 2016 recodée contrôle, 3 unités de contrôle) ; cellules −8 et +8 bornées",event,0,722,0,0,2007,2022,,,,,,,,,
robust,robustesse,H1,"log(naissances+0,5 / 1 000 f. 15-49)","grappes = province (52) ; fenêtre identifiée ≤ 2015, cohorte 2016 = contrôle",twfe,1,-0.2482865454883181,0.18124969949528894,-0.603529428707792,0.10695633773115584,0.1707308973082886,722,11552,False," ; fenêtre 2007-2022 ; 722 traitées, 0 jamais traitées sur la fenêtre ; covariables invariantes dans le temps absorbées par les effets fixes unité : log_pop, share_women_1549, share_foreign, pretrend_pre ; comparaisons sur la fenêtre identifiée (années < 2016, cohorte 2016 recodée contrôle, 3 unités de contrôle) ; cellules −8 et +8 bornées",event,0,722,0,0,2007,2022,,,,,,,,,
robust,robustesse,H1,"log(naissances+0,5 / 1 000 f. 15-49)","grappes = province (52) ; fenêtre identifiée ≤ 2015, cohorte 2016 = contrôle",twfe,2,-0.3807809758618271,0.2744684085723717,-0.9187291715577002,0.15716721983404608,0.1653381403376908,722,11552,False," ; fenêtre 2007-2022 ; 722 traitées, 0 jamais traitées sur la fenêtre ; covariables invariantes dans le temps absorbées par les effets fixes unité : log_pop, share_women_1549, share_foreign, pretrend_pre ; comparaisons sur la fenêtre identifiée (années < 2016, cohorte 2016 recodée contrôle, 3 unités de contrôle) ; cellules −8 et +8 bornées",event,0,722,0,0,2007,2022,,,,,,,,,
robust,robustesse,H1,"log(naissances+0,5 / 1 000 f. 15-49)","grappes = province (52) ; fenêtre identifiée ≤ 2015, cohorte 2016 = contrôle",twfe,"ATT[1,2]",-0.3145337606750726,0.22779639320133538,-0.7610064871578148,0.13193896580766956,0.1673505885128136,722,11552,False," ; fenêtre 2007-2022 ; 722 traitées, 0 jamais traitées sur la fenêtre ; covariables invariantes dans le temps absorbées par les effets fixes unité : log_pop, share_women_1549, share_foreign, pretrend_pre ; comparaisons sur la fenêtre identifiée (années < 2016, cohorte 2016 recodée contrôle, 3 unités de contrôle) ; écart-type avec covariance complète (w'Vw)",post_avg,0,722,0,0,2007,2022,,,,,,,,,
robust,robustesse,H1,"log(naissances+0,5 / 1 000 f. 15-49)","grappes = province (52) ; fenêtre identifiée ≤ 2015, cohorte 2016 = contrôle",twfe,Wald pré (-8..−2),5.474624362863552,,,,0.6022463931704165,722,11552,False,"test de Wald joint, covariance groupée, df = 7 ; fenêtre 2007-2022 ; 722 traitées, 0 jamais traitées sur la fenêtre",pre_test,0,722,0,0,2007,2022,,,,,,,,,7.0
robust,robustesse,H1,"log(naissances+0,5 / 1 000 f. 15-49)","grappes = province (52) ; fenêtre identifiée ≤ 2015, cohorte 2016 = contrôle",twfe,ATT,-0.012054831249705533,0.009920994259311422,-0.03149962268878455,0.007389960189373483,0.2243344450668685,722,11552,False," ; fenêtre 2007-2022 ; 722 traitées, 0 jamais traitées sur la fenêtre ; covariables invariantes dans le temps absorbées par les effets fixes unité : log_pop, share_women_1549, share_foreign, pretrend_pre ; comparaisons sur la fenêtre identifiée (années < 2016, cohorte 2016 recodée contrôle, 3 unités de contrôle)",static,0,722,0,0,2007,2022,,,,,,,,,
robust,robustesse,H1,"log(naissances+0,5 / 1 000 f. 15-49)",grappes = province (52) ; fenêtre complète,twfe,ATT,0.011794611152143624,0.007210246789771115,-0.0023372128754533036,0.025926435179740553,0.1018788546857344,722,11552,True," ; fenêtre 2007-2022 ; 722 traitées, 0 jamais traitées sur la fenêtre ; covariables invariantes dans le temps absorbées par les effets fixes unité : log_pop, share_women_1549, share_foreign, pretrend_pre ; TWFE sur toutes les années (identification par le calendrier des bascules seulement)",static,0,722,0,0,2007,2022,,,,,,,,,
robust,robustesse,H1,"log(naissances+0,5 / 1 000 f. 15-49)","pondéré par les femmes 15-49, CS sans covariables",cs,-8,1.828562303102386,1.4205398790413821,-0.9556446984216076,4.612769304626379,0.1980139485877278,722,11552,True,"pondération (A2) ; contrôle = not_yet_treated ; fenêtre 2007-2022 ; 722 traitées, 0 jamais traitées sur la fenêtre ; ATT(g,t) identifiés jusqu'en 2015 (sans unité jamais traitée, la dernière cohorte sert de contrôle) ; pondéré par women",event,0,722,0,0,2007,2022,2007.0,2015.0,722.0,2.0,reg,1.0,156.0,,
robust,robustesse,H1,"log(naissances+0,5 / 1 000 f. 15-49)","pondéré par les femmes 15-49, CS sans covariables",cs,-7,0.09966835883632444,0.04778218193697617,0.00601700313711083,0.19331971453553803,0.03698861988934182,722,11552,True,"pondération (A2) ; contrôle = not_yet_treated ; fenêtre 2007-2022 ; 722 traitées, 0 jamais traitées sur la fenêtre ; ATT(g,t) identifiés jusqu'en 2015 (sans unité jamais traitée, la dernière cohorte sert de contrôle) ; pondéré par women",event,0,722,0,0,2007,2022,2007.0,2015.0,722.0,2.0,reg,2.0,544.0,,
robust,robustesse,H1,"log(naissances+0,5 / 1 000 f. 15-49)","pondéré par les femmes 15-49, CS sans covariables",cs,-6,0.03572802179490993,0.01947702645982165,-0.002446248592274179,0.07390229218209404,0.06659947989631568,722,11552,True,"pondération (A2) ; contrôle = not_yet_treated ; fenêtre 2007-2022 ; 722 traitées, 0 jamais traitées sur la fenêtre ; ATT(g,t) identifiés jusqu'en 2015 (sans unité jamais traitée, la dernière cohorte sert de contrôle) ; pondéré par women",event,0,722,0,0,2007,2022,2007.0,2015.0,722.0,2.0,reg,3.0,719.0,,
robust,robustesse,H1,"log(naissances+0,5 / 1 000 f. 15-49)","pondéré par les femmes 15-49, CS sans covariables",cs,-5,0.009133425483199996,0.011172507402585626,-0.012764286642874977,0.03103113760927497,0.4136478273715779,722,11552,True,"pondération (A2) ; contrôle = not_yet_treated ; fenêtre 2007-2022 ; 722 traitées, 0 jamais traitées sur la fenêtre ; ATT(g,t) identifiés jusqu'en 2015 (sans unité jamais traitée, la dernière cohorte sert de contrôle) ; pondéré par women",event,0,722,0,0,2007,2022,2007.0,2015.0,722.0,2.0,reg,3.0,719.0,,
robust,robustesse,H1,"log(naissances+0,5 / 1 000 f. 15-49)","pondéré par les femmes 15-49, CS sans covariables",cs,-4,-0.01449966097424937,0.007207248442159436,-0.028625608348514277,-0.00037371359998446436,0.04423928924775023,722,11552,True,"pondération (A2) ; contrôle = not_yet_treated ; fenêtre 2007-2022 ; 722 traitées, 0 jamais traitées sur la fenêtre ; ATT(g,t) identifiés jusqu'en 2015 (sans unité jamais traitée, la dernière cohorte sert de contrôle) ; pondéré par women",event,0,722,0,0,2007,2022,2007.0,2015.0,722.0,2.0,reg,3.0,719.0,,
robust,robustesse,H1,"log(naissances+0,5 / 1 000 f. 15-49)","pondéré par les femmes 15-49, CS sans covariables",cs,-3,-0.005563421669120336,0.00680032713817715,-0.01889181794303789,0.007764974604797215,0.413293872678522,722,11552,True,"pondération (A2) ; contrôle = not_yet_treated ; fenêtre 2007-2022 ; 722 traitées, 0 jamais traitées sur la fenêtre ; ATT(g,t) identifiés jusqu'en 2015 (sans unité jamais traitée, la dernière cohorte sert de contrôle) ; pondéré par women",event,0,722,0,0,2007,2022,2007.0,2015.0,722.0,2.0,reg,3.0,719.0,,
robust,robustesse,H1,"log(naissances+0,5 / 1 000 f. 15-49)","pondéré par les femmes 15-49, CS sans covariables",cs,-2,-0.0086096437077648,0.007315226900430086,-0.02294722497134634,0.0057279375558167405,0.23921615071084434,722,11552,True,"pondération (A2) ; contrôle = not_yet_treated ; fenêtre 2007-2022 ; 722 traitées, 0 jamais traitées sur la fenêtre ; ATT(g,t) identifiés jusqu'en 2015 (sans unité jamais traitée, la dernière cohorte sert de contrôle) ; pondéré par women",event,0,722,0,0,2007,2022,2007.0,2015.0,722.0,2.0,reg,3.0,719.0,,
robust,robustesse,H1,"log(naissances+0,5 / 1 000 f. 15-49)","pondéré par les femmes 15-49, CS sans covariables",cs,0,0.013127689572320744,0.0062743982803901656,0.0008300949180959725,0.025425284226545518,0.03641502119931818,722,11552,True,"pondération (A2) ; contrôle = not_yet_treated ; fenêtre 2007-2022 ; 722 traitées, 0 jamais traitées sur la fenêtre ; ATT(g,t) identifiés jusqu'en 2015 (sans unité jamais traitée, la dernière cohorte sert de contrôle) ; pondéré par women",event,0,722,0,0,2007,2022,2007.0,2015.0,722.0,2.0,reg,3.0,719.0,,
robust,robustesse,H1,"log(naissances+0,5 / 1 000 f. 15-49)","pondéré par les femmes 15-49, CS sans covariables",cs,1,0.05107850224422398,0.0117181672107981,0.028111316546241525,0.07404568794220644,1.3070848661703973e-05,722,11552,True,"pondération (A2) ; contrôle = not_yet_treated ; fenêtre 2007-2022 ; 722 traitées, 0 jamais traitées sur la fenêtre ; ATT(g,t) identifiés jusqu'en 2015 (sans unité jamais traitée, la dernière cohorte sert de contrôle) ; pondéré par women",event,0,722,0,0,2007,2022,2007.0,2015.0,722.0,2.0,reg,2.0,563.0,,
robust,robustesse,H1,"log(naissances+0,5 / 1 000 f. 15-49)","pondéré par les femmes 15-49, CS sans covariables",cs,2,0.08050596257807396,0.051726029715692644,-0.02087519272793223,0.18188711788408016,0.11961498108570916,722,11552,True,"pondération (A2) ; contrôle = not_yet_treated ; fenêtre 2007-2022 ; 722 traitées, 0 jamais traitées sur la fenêtre ; ATT(g,t) identifiés jusqu'en 2015 (sans unité jamais traitée, la dernière cohorte sert de contrôle) ; pondéré par women",event,0,722,0,0,2007,2022,2007.0,2015.0,722.0,2.0,reg,1.0,175.0,,
robust,robustesse,H1,"log(naissances+0,5 / 1 000 f. 15-49)","pondéré par les femmes 15-49, CS sans covariables",cs,"ATT[1,2]",0.06579223241114897,0.027554397543228366,0.011786605610722423,0.11979785921157551,0.01695317501630525,722,11552,True,"pondération (A2) ; contrôle = not_yet_treated ; fenêtre 2007-2022 ; 722 traitées, 0 jamais traitées sur la fenêtre ; ATT(g,t) identifiés jusqu'en 2015 (sans unité jamais traitée, la dernière cohorte sert de contrôle) ; pondéré par women ; écart-type avec covariance complète des coefficients (fonctions d'influence)",post_avg,0,722,0,0,2007,2022,2007.0,2015.0,722.0,2.0,reg,,,2.0,
robust,robustesse,H1,"log(naissances+0,5 / 1 000 f. 15-49)","pondéré par les femmes 15-49, CS sans covariables",cs,ATT,0.043312370687922895,0.015164194161981915,0.013591096275865796,0.07303364509997999,0.004287094060877909,722,11552,True,"pondération (A2) ; contrôle = not_yet_treated ; fenêtre 2007-2022 ; 722 traitées, 0 jamais traitées sur la fenêtre ; ATT(g,t) identifiés jusqu'en 2015 (sans unité jamais traitée, la dernière cohorte sert de contrôle) ; pondéré par women ; moyenne de tous les ATT(g,t) post",simple,0,722,0,0,2007,2022,2007.0,2015.0,722.0,2.0,reg,,,,
robust,robustesse,H1,"log(naissances+0,5 / 1 000 f. 15-49)","pondéré par les femmes 15-49, CS sans covariables",cs,Wald pré (-8..-2),20.11595646845816,,,,0.005324590690977621,722,11552,True,"H5c : test de Wald joint de nullité des coefficients pré avec covariance des fonctions d'influence, df = 7 ; fenêtre 2007-2022 ; 722 traitées, 0 jamais traitées sur la fenêtre",pre_test,0,722,0,0,2007,2022,2007.0,2015.0,722.0,2.0,reg,,,,7.0
robust,robustesse,H1,"log(naissances+0,5 / 1 000 f. 15-49)",traitement = LTE ≥ 90 % de la population,cs,-8,-0.025091963593393544,0.07170314124328957,-0.16562753800862964,0.11544361082184254,0.7263819858599496,722,11552,False," ; covariables : log_pop, share_women_1549, share_foreign, pretrend_pre (doublement robuste) ; contrôle = not_yet_treated ; fenêtre 2007-2022 ; 722 traitées, 0 jamais traitées sur la fenêtre ; ATT(g,t) identifiés jusqu'en 2017 (sans unité jamais traitée, la dernière cohorte sert de contrôle)",event,0,722,0,0,2007,2022,2007.0,2017.0,722.0,2.0,dr,3.0,290.0,,
robust,robustesse,H1,"log(naissances+0,5 / 1 000 f. 15-49)",traitement = LTE ≥ 90 % de la population,cs,-7,-0.061252214663678334,0.035883887251776825,-0.13158334130245689,0.009078911975100218,0.08783024119426945,722,11552,False," ; covariables : log_pop, share_women_1549, share_foreign, pretrend_pre (doublement robuste) ; contrôle = not_yet_treated ; fenêtre 2007-2022 ; 722 traitées, 0 jamais traitées sur la fenêtre ; ATT(g,t) identifiés jusqu'en 2017 (sans unité jamais traitée, la dernière cohorte sert de contrôle)",event,0,722,0,0,2007,2022,2007.0,2017.0,722.0,2.0,dr,4.0,618.0,,
robust,robustesse,H1,"log(naissances+0,5 / 1 000 f. 15-49)",traitement = LTE ≥ 90 % de la population,cs,-6,0.02938160018137382,0.01840824564867957,-0.006697898308604303,0.06546109867135194,0.11046405187919224,722,11552,False," ; covariables : log_pop, share_women_1549, share_foreign, pretrend_pre (doublement robuste) ; contrôle = not_yet_treated ; fenêtre 2007-2022 ; 722 traitées, 0 jamais traitées sur la fenêtre ; ATT(g,t) identifiés jusqu'en 2017 (sans unité jamais traitée, la dernière cohorte sert de contrôle)",event,0,722,0,0,2007,2022,2007.0,2017.0,722.0,2.0,dr,5.0,718.0,,
robust,robustesse,H1,"log(naissances+0,5 / 1 000 f. 15-49)",traitement = LTE ≥ 90 % de la population,cs,-5,0.01069436454234042,0.009376784813697431,-0.007683795983288666,0.029072525067969507,0.2540717710903555,722,11552,False," ; covariables : log_pop, share_women_1549, share_foreign, pretrend_pre (doublement robuste) ; contrôle = not_yet_treated ; fenêtre 2007-2022 ; 722 traitées, 0 jamais traitées sur la fenêtre ; ATT(g,t) identifiés jusqu'en 2017 (sans unité jamais traitée, la dernière cohorte sert de contrôle)",event,0,722,0,0,2007,2022,2007.0,2017.0,722.0,2.0,dr,5.0,718.0,,
robust,robustesse,H1,"log(naissances+0,5 / 1 000 f. 15-49)",traitement = LTE ≥ 90 % de la population,cs,-4,0.008752327728152546,0.009024215371572228,-0.008934809388861764,0.026439464845166856,0.3321106343888296,722,11552,False," ; covariables : log_pop, share_women_1549, share_foreign, pretrend_pre (doublement robuste) ; contrôle = not_yet_treated ; fenêtre 2007-2022 ; 722 traitées, 0 jamais traitées sur la fenêtre ; ATT(g,t) identifiés jusqu'en 2017 (sans unité jamais traitée, la dernière cohorte sert de contrôle)",event,0,722,0,0,2007,2022,2007.0,2017.0,722.0,2.0,dr,5.0,718.0,,
robust,robustesse,H1,"log(naissances+0,5 / 1 000 f. 15-49)",traitement = LTE ≥ 90 % de la population,cs,-3,0.030047888314390134,0.012699094486407811,0.005158120484759648,0.054937656144020616,0.017974443675902403,722,11552,False," ; covariables : log_pop, share_women_1549, share_foreign, pretrend_pre (doublement robuste) ; contrôle = not_yet_treated ; fenêtre 2007-2022 ; 722 traitées, 0 jamais traitées sur la fenêtre ; ATT(g,t) identifiés jusqu'en 2017 (sans unité jamais traitée, la dernière cohorte sert de contrôle)",event,0,722,0,0,2007,2022,2007.0,2017.0,722.0,2.0,dr,5.0,718.0,,
robust,robustesse,H1,"log(naissances+0,5 / 1 000 f. 15-49)",traitement = LTE ≥ 90 % de la population,cs,-2,0.020223346308671928,0.01472727573069241,-0.008641583713876005,0.04908827633121986,0.16969331829170398,722,11552,False," ; covariables : log_pop, share_women_1549, share_foreign, pretrend_pre (doublement robuste) ; contrôle = not_yet_treated ; fenêtre 2007-2022 ; 722 traitées, 0 jamais traitées sur la fenêtre ; ATT(g,t) identifiés jusqu'en 2017 (sans unité jamais traitée, la dernière cohorte sert de contrôle)",event,0,722,0,0,2007,2022,2007.0,2017.0,722.0,2.0,dr,5.0,718.0,,
robust,robustesse,H1,"log(naissances+0,5 / 1 000 f. 15-49)",traitement = LTE ≥ 90 % de la population,cs,0,-0.007831060440142852,0.011242956835410352,-0.02986685091728556,0.014204730036999859,0.48609676950390523,722,11552,False," ; covariables : log_pop, share_women_1549, share_foreign, pretrend_pre (doublement robuste) ; contrôle = not_yet_treated ; fenêtre 2007-2022 ; 722 traitées, 0 jamais traitées sur la fenêtre ; ATT(g,t) identifiés jusqu'en 2017 (sans unité jamais traitée, la dernière cohorte sert de contrôle)",event,0,722,0,0,2007,2022,2007.0,2017.0,722.0,2.0,dr,5.0,718.0,,
robust,robustesse,H1,"log(naissances+0,5 / 1 000 f. 15-49)",traitement = LTE ≥ 90 % de la population,cs,1,-0.03589726526371465,0.035454415062286915,-0.10538664187873142,0.03359211135130211,0.31130349462991513,722,11552,False," ; covariables : log_pop, share_women_1549, share_foreign, pretrend_pre (doublement robuste) ; contrôle = not_yet_treated ; fenêtre 2007-2022 ; 722 traitées, 0 jamais traitées sur la fenêtre ; ATT(g,t) identifiés jusqu'en 2017 (sans unité jamais traitée, la dernière cohorte sert de contrôle)",event,0,722,0,0,2007,2022,2007.0,2017.0,722.0,2.0,dr,4.0,709.0,,
robust,robustesse,H1,"log(naissances+0,5 / 1 000 f. 15-49)",traitement = LTE ≥ 90 % de la population,cs,2,-0.19578199537362598,0.10607988846481224,-0.4036947562486839,0.01213076550143194,0.06494900082267663,722,11552,False," ; covariables : log_pop, share_women_1549, share_foreign, pretrend_pre (doublement robuste) ; contrôle = not_yet_treated ; fenêtre 2007-2022 ; 722 traitées, 0 jamais traitées sur la fenêtre ; ATT(g,t) identifiés jusqu'en 2017 (sans unité jamais traitée, la dernière cohorte sert de contrôle)",event,0,722,0,0,2007,2022,2007.0,2017.0,722.0,2.0,dr,3.0,654.0,,
robust,robustesse,H1,"log(naissances+0,5 / 1 000 f. 15-49)",traitement = LTE ≥ 90 % de la population,cs,"ATT[1,2]",-0.11583963031867031,0.06467672301273311,-0.2426036780617001,0.010924417424359484,0.07328431517022767,722,11552,False," ; covariables : log_pop, share_women_1549, share_foreign, pretrend_pre (doublement robuste) ; contrôle = not_yet_treated ; fenêtre 2007-2022 ; 722 traitées, 0 jamais traitées sur la fenêtre ; ATT(g,t) identifiés jusqu'en 2017 (sans unité jamais traitée, la dernière cohorte sert de contrôle) ; écart-type avec covariance complète des coefficients (fonctions d'influence)",post_avg,0,722,0,0,2007,2022,2007.0,2017.0,722.0,2.0,dr,,,2.0,
robust,robustesse,H1,"log(naissances+0,5 / 1 000 f. 15-49)",traitement = LTE ≥ 90 % de la population,cs,ATT,-0.0778733060529906,0.043208362986403785,-0.16256014133727556,0.006813529231294357,0.07150231850364318,722,11552,False," ; covariables : log_pop, share_women_1549, share_foreign, pretrend_pre (doublement robuste) ; contrôle = not_yet_treated ; fenêtre 2007-2022 ; 722 traitées, 0 jamais traitées sur la fenêtre ; ATT(g,t) identifiés jusqu'en 2017 (sans unité jamais traitée, la dernière cohorte sert de contrôle) ; moyenne de tous les ATT(g,t) post",simple,0,722,0,0,2007,2022,2007.0,2017.0,722.0,2.0,dr,,,,
robust,robustesse,H1,"log(naissances+0,5 / 1 000 f. 15-49)",traitement = LTE ≥ 90 % de la population,cs,Wald pré (-8..-2),14.108559560157946,,,,0.049283862436112935,722,11552,False,"H5c : test de Wald joint de nullité des coefficients pré avec covariance des fonctions d'influence, df = 7 ; fenêtre 2007-2022 ; 722 traitées, 0 jamais traitées sur la fenêtre",pre_test,0,722,0,0,2007,2022,2007.0,2017.0,722.0,2.0,dr,,,,7.0
robust,robustesse,H1,"log(naissances+0,5 / 1 000 f. 15-49)","cohorte 2013 exclue (premier instantané, A6)",cs,-8,7.775185257902747,0.5242135611734423,6.747745557795316,8.802624958010178,9.08528485883901e-50,547,8752,False," ; covariables : log_pop, share_women_1549, share_foreign, pretrend_pre (doublement robuste) ; contrôle = not_yet_treated ; fenêtre 2007-2022 ; 547 traitées, 0 jamais traitées sur la fenêtre ; ATT(g,t) identifiés jusqu'en 2015 (sans unité jamais traitée, la dernière cohorte sert de contrôle)",event,0,547,0,0,2007,2022,2007.0,2015.0,547.0,1.0,dr,1.0,156.0,,
robust,robustesse,H1,"log(naissances+0,5 / 1 000 f. 15-49)","cohorte 2013 exclue (premier instantané, A6)",cs,-7,-0.1730532180594976,0.0792651226391365,-0.3284100036623556,-0.0176964324566396,0.02901959680367461,547,8752,False," ; covariables : log_pop, share_women_1549, share_foreign, pretrend_pre (doublement robuste) ; contrôle = not_yet_treated ; fenêtre 2007-2022 ; 547 traitées, 0 jamais traitées sur la fenêtre ; ATT(g,t) identifiés jusqu'en 2015 (sans unité jamais traitée, la dernière cohorte sert de contrôle)",event,0,547,0,0,2007,2022,2007.0,2015.0,547.0,1.0,dr,2.0,544.0,,
robust,robustesse,H1,"log(naissances+0,5 / 1 000 f. 15-49)","cohorte 2013 exclue (premier instantané, A6)",cs,-6,0.17324784565927792,0.026738522056289352,0.12084130542912092,0.22565438588943493,9.212766397943206e-11,547,8752,False," ; covariables : log_pop, share_women_1549, share_foreign, pretrend_pre (doublement robuste) ; contrôle = not_yet_treated ; fenêtre 2007-2022 ; 547 traitées, 0 jamais traitées sur la fenêtre ; ATT(g,t) identifiés jusqu'en 2015 (sans unité jamais traitée, la dernière cohorte sert de contrôle)",event,0,547,0,0,2007,2022,2007.0,2015.0,547.0,1.0,dr,2.0,544.0,,
robust,robustesse,H1,"log(naissances+0,5 / 1 000 f. 15-49)","cohorte 2013 exclue (premier instantané, A6)",cs,-5,0.028973025392864973,0.015698420097909723,-0.0017953126132178344,0.05974136339894778,0.06495010973351573,547,8752,False," ; covariables : log_pop, share_women_1549, share_foreign, pretrend_pre (doublement robuste) ; contrôle = not_yet_treated ; fenêtre 2007-2022 ; 547 traitées, 0 jamais traitées sur la fenêtre ; ATT(g,t) identifiés jusqu'en 2015 (sans unité jamais traitée, la dernière cohorte sert de contrôle)",event,0,547,0,0,2007,2022,2007.0,2015.0,547.0,1.0,dr,2.0,544.0,,
robust,robustesse,H1,"log(naissances+0,5 / 1 000 f. 15-49)","cohorte 2013 exclue (premier instantané, A6)",cs,-4,0.07806936511559397,0.018555849607321796,0.04170056818270154,0.11443816204848639,2.584806780520136e-05,547,8752,False," ; covariables : log_pop, share_women_1549, share_foreign, pretrend_pre (doublement robuste) ; contrôle = not_yet_treated ; fenêtre 2007-2022 ; 547 traitées, 0 jamais traitées sur la fenêtre ; ATT(g,t) identifiés jusqu'en 2015 (sans unité jamais traitée, la dernière cohorte sert de contrôle)",event,0,547,0,0,2007,2022,2007.0,2015.0,547.0,1.0,dr,2.0,544.0,,
robust,robustesse,H1,"log(naissances+0,5 / 1 000 f. 15-49)","cohorte 2013 exclue (premier instantané, A6)",cs,-3,0.08529870576177141,0.016267865602044206,0.053414275076426765,0.11718313644711606,1.5765586430646907e-07,547,8752,False," ; covariables : log_pop, share_women_1549, share_foreign, pretrend_pre (doublement robuste) ; contrôle = not_yet_treated ; fenêtre 2007-2022 ; 547 traitées, 0 jamais traitées sur la fenêtre ; ATT(g,t) identifiés jusqu'en 2015 (sans unité jamais traitée, la dernière cohorte sert de contrôle)",event,0,547,0,0,2007,2022,2007.0,2015.0,547.0,1.0,dr,2.0,544.0,,
robust,robustesse,H1,"log(naissances+0,5 / 1 000 f. 15-49)","cohorte 2013 exclue (premier instantané, A6)",cs,-2,-0.07903687448564037,0.01837343305423774,-0.11504814154430411,-0.04302560742697663,1.6949779090909008e-05,547,8752,False," ; covariables : log_pop, share_women_1549, share_foreign, pretrend_pre (doublement robuste) ; contrôle = not_yet_treated ; fenêtre 2007-2022 ; 547 traitées, 0 jamais traitées sur la fenêtre ; ATT(g,t) identifiés jusqu'en 2015 (sans unité jamais traitée, la dernière cohorte sert de contrôle)",event,0,547,0,0,2007,2022,2007.0,2015.0,547.0,1.0,dr,2.0,544.0,,
robust,robustesse,H1,"log(naissances+0,5 / 1 000 f. 15-49)","cohorte 2013 exclue (premier instantané, A6)",cs,0,0.005096724336551169,0.016357743634873974,-0.026963864056141134,0.03715731272924347,0.7553607313220212,547,8752,False," ; covariables : log_pop, share_women_1549, share_foreign, pretrend_pre (doublement robuste) ; contrôle = not_yet_treated ; fenêtre 2007-2022 ; 547 traitées, 0 jamais traitées sur la fenêtre ; ATT(g,t) identifiés jusqu'en 2015 (sans unité jamais traitée, la dernière cohorte sert de contrôle)",event,0,547,0,0,2007,2022,2007.0,2015.0,547.0,1.0,dr,2.0,544.0,,
robust,robustesse,H1,"log(naissances+0,5 / 1 000 f. 15-49)","cohorte 2013 exclue (premier instantané, A6)",cs,1,0.3443788755893712,0.019432961435729302,0.306290971062386,0.3824667801163564,2.8679470753786145e-70,547,8752,False," ; covariables : log_pop, share_women_1549, share_foreign, pretrend_pre (doublement robuste) ; contrôle = not_yet_treated ; fenêtre 2007-2022 ; 547 traitées, 0 jamais traitées sur la fenêtre ; ATT(g,t) identifiés jusqu'en 2015 (sans unité jamais traitée, la dernière cohorte sert de contrôle)",event,0,547,0,0,2007,2022,2007.0,2015.0,547.0,1.0,dr,1.0,388.0,,
robust,robustesse,H1,"log(naissances+0,5 / 1 000 f. 15-49)","cohorte 2013 exclue (premier instantané, A6)",cs,"ATT[1,1]",0.3443788755893712,0.019432961435729302,0.306290971062386,0.3824667801163564,2.8679470753786145e-70,547,8752,False," ; covariables : log_pop, share_women_1549, share_foreign, pretrend_pre (doublement robuste) ; contrôle = not_yet_treated ; fenêtre 2007-2022 ; 547 traitées, 0 jamais traitées sur la fenêtre ; ATT(g,t) identifiés jusqu'en 2015 (sans unité jamais traitée, la dernière cohorte sert de contrôle) ; écart-type avec covariance complète des coefficients (fonctions d'influence)",post_avg,0,547,0,0,2007,2022,2007.0,2015.0,547.0,1.0,dr,,,1.0,
robust,robustesse,H1,"log(naissances+0,5 / 1 000 f. 15-49)","cohorte 2013 exclue (premier instantané, A6)",cs,ATT,0.14634294181090116,0.012871640705244571,0.12111498960668206,0.17157089401512027,5.9388641476285534e-30,547,8752,False," ; covariables : log_pop, share_women_1549, share_foreign, pretrend_pre (doublement robuste) ; contrôle = not_yet_treated ; fenêtre 2007-2022 ; 547 traitées, 0 jamais traitées sur la fenêtre ; ATT(g,t) identifiés jusqu'en 2015 (sans unité jamais traitée, la dernière cohorte sert de contrôle) ; moyenne de tous les ATT(g,t) post",simple,0,547,0,0,2007,2022,2007.0,2015.0,547.0,1.0,dr,,,,
robust,robustesse,H1,"log(naissances+0,5 / 1 000 f. 15-49)","cohorte 2013 exclue (premier instantané, A6)",cs,Wald pré (-8..-2),279.8929385254363,,,,1.1833712569630968e-56,547,8752,False,"H5c : test de Wald joint de nullité des coefficients pré avec covariance des fonctions d'influence, df = 7 ; fenêtre 2007-2022 ; 547 traitées, 0 jamais traitées sur la fenêtre",pre_test,0,547,0,0,2007,2022,2007.0,2015.0,547.0,1.0,dr,,,,7.0
robust,robustesse,H2b,"log(naissances+0,5 / 1 000 f. 25-39)",sans 2020-2021,cs,-8,7.443456323103689,0.5042178700229932,6.455207457497124,8.431705188710254,2.560780122841652e-49,722,10108,False," ; covariables : log_pop, share_women_1549, share_foreign, pretrend_pre (doublement robuste) ; contrôle = not_yet_treated ; fenêtre 2007-2022 ; 722 traitées, 0 jamais traitées sur la fenêtre ; ATT(g,t) identifiés jusqu'en 2015 (sans unité jamais traitée, la dernière cohorte sert de contrôle)",event,0,722,0,0,2007,2022,2007.0,2015.0,722.0,1.0,dr,1.0,156.0,,
robust,robustesse,H2b,"log(naissances+0,5 / 1 000 f. 25-39)",sans 2020-2021,cs,-7,-0.051728103120503716,0.07936087833940449,-0.2072725664472014,0.10381636020619397,0.5145246521169043,722,10108,False," ; covariables : log_pop, share_women_1549, share_foreign, pretrend_pre (doublement robuste) ; contrôle = not_yet_treated ; fenêtre 2007-2022 ; 722 traitées, 0 jamais traitées sur la fenêtre ; ATT(g,t) identifiés jusqu'en 2015 (sans unité jamais traitée, la dernière cohorte sert de contrôle)",event,0,722,0,0,2007,2022,2007.0,2015.0,722.0,1.0,dr,2.0,544.0,,
robust,robustesse,H2b,"log(naissances+0,5 / 1 000 f. 25-39)",sans 2020-2021,cs,-6,0.12759631850961808,0.030214688980614426,0.06837661630353456,0.1868160207157016,2.410829067434563e-05,722,10108,False," ; covariables : log_pop, share_women_1549, share_foreign, pretrend_pre (doublement robuste) ; contrôle = not_yet_treated ; fenêtre 2007-2022 ; 722 traitées, 0 jamais traitées sur la fenêtre ; ATT(g,t) identifiés jusqu'en 2015 (sans unité jamais traitée, la dernière cohorte sert de contrôle)",event,0,722,0,0,2007,2022,2007.0,2015.0,722.0,1.0,dr,3.0,719.0,,
robust,robustesse,H2b,"log(naissances+0,5 / 1 000 f. 25-39)",sans 2020-2021,cs,-5,-0.006007782367354317,0.012423013178273615,-0.030356440776237073,0.01834087604152844,0.6286690208674797,722,10108,False," ; covariables : log_pop, share_women_1549, share_foreign, pretrend_pre (doublement robuste) ; contrôle = not_yet_treated ; fenêtre 2007-2022 ; 722 traitées, 0 jamais traitées sur la fenêtre ; ATT(g,t) identifiés jusqu'en 2015 (sans unité jamais traitée, la dernière cohorte sert de contrôle)",event,0,722,0,0,2007,2022,2007.0,2015.0,722.0,1.0,dr,3.0,719.0,,
robust,robustesse,H2b,"log(naissances+0,5 / 1 000 f. 25-39)",sans 2020-2021,cs,-4,0.03682896441468683,0.013806945760590604,0.009767847987431265,0.06389008084194239,0.007643540620486305,722,10108,False," ; covariables : log_pop, share_women_1549, share_foreign, pretrend_pre (doublement robuste) ; contrôle = not_yet_treated ; fenêtre 2007-2022 ; 722 traitées, 0 jamais traitées sur la fenêtre ; ATT(g,t) identifiés jusqu'en 2015 (sans unité jamais traitée, la dernière cohorte sert de contrôle)",event,0,722,0,0,2007,2022,2007.0,2015.0,722.0,1.0,dr,3.0,719.0,,
robust,robustesse,H2b,"log(naissances+0,5 / 1 000 f. 25-39)",sans 2020-2021,cs,-3,0.035479864101276126,0.011863272811202768,0.012228276652545462,0.058731451550006794,0.00278310053507996,722,10108,False," ; covariables : log_pop, share_women_1549, share_foreign, pretrend_pre (doublement robuste) ; contrôle = not_yet_treated ; fenêtre 2007-2022 ; 722 traitées, 0 jamais traitées sur la fenêtre ; ATT(g,t) identifiés jusqu'en 2015 (sans unité jamais traitée, la dernière cohorte sert de contrôle)",event,0,722,0,0,2007,2022,2007.0,2015.0,722.0,1.0,dr,3.0,719.0,,
robust,robustesse,H2b,"log(naissances+0,5 / 1 000 f. 25-39)",sans 2020-2021,cs,-2,-0.062384900848204285,0.01522205214470247,-0.09221957482261181,-0.03255022687379676,4.161525840463323e-05,722,10108,False," ; covariables : log_pop, share_women_1549, share_foreign, pretrend_pre (doublement robuste) ; contrôle = not_yet_treated ; fenêtre 2007-2022 ; 722 traitées, 0 jamais traitées sur la fenêtre ; ATT(g,t) identifiés jusqu'en 2015 (sans unité jamais traitée, la dernière cohorte sert de contrôle)",event,0,722,0,0,2007,2022,2007.0,2015.0,722.0,1.0,dr,3.0,719.0,,
robust,robustesse,H2b,"log(naissances+0,5 / 1 000 f. 25-39)",sans 2020-2021,cs,0,0.0639324779137306,0.015570407247660518,0.033415040483694564,0.09444991534376665,4.025263277573566e-05,722,10108,False," ; covariables : log_pop, share_women_1549, share_foreign, pretrend_pre (doublement robuste) ; contrôle = not_yet_treated ; fenêtre 2007-2022 ; 722 traitées, 0 jamais traitées sur la fenêtre ; ATT(g,t) identifiés jusqu'en 2015 (sans unité jamais traitée, la dernière cohorte sert de contrôle)",event,0,722,0,0,2007,2022,2007.0,2015.0,722.0,1.0,dr,3.0,719.0,,
robust,robustesse,H2b,"log(naissances+0,5 / 1 000 f. 25-39)",sans 2020-2021,cs,1,0.36540554828591165,0.03492435685983511,0.29695506665741045,0.43385602991441286,1.280549035263674e-25,722,10108,False," ; covariables : log_pop, share_women_1549, share_foreign, pretrend_pre (doublement robuste) ; contrôle = not_yet_treated ; fenêtre 2007-2022 ; 722 traitées, 0 jamais traitées sur la fenêtre ; ATT(g,t) identifiés jusqu'en 2015 (sans unité jamais traitée, la dernière cohorte sert de contrôle)",event,0,722,0,0,2007,2022,2007.0,2015.0,722.0,1.0,dr,2.0,563.0,,
robust,robustesse,H2b,"log(naissances+0,5 / 1 000 f. 25-39)",sans 2020-2021,cs,"ATT[1,1]",0.36540554828591165,0.03492435685983511,0.29695506665741045,0.43385602991441286,1.280549035263674e-25,722,10108,False," ; covariables : log_pop, share_women_1549, share_foreign, pretrend_pre (doublement robuste) ; contrôle = not_yet_treated ; fenêtre 2007-2022 ; 722 traitées, 0 jamais traitées sur la fenêtre ; ATT(g,t) identifiés jusqu'en 2015 (sans unité jamais traitée, la dernière cohorte sert de contrôle) ; écart-type avec covariance complète des coefficients (fonctions d'influence)",post_avg,0,722,0,0,2007,2022,2007.0,2015.0,722.0,1.0,dr,,,1.0,
robust,robustesse,H2b,"log(naissances+0,5 / 1 000 f. 25-39)",sans 2020-2021,cs,ATT,0.19632665780416578,0.0185690762462952,0.15993193713524897,0.23272137847308258,3.985262833503187e-26,722,10108,False," ; covariables : log_pop, share_women_1549, share_foreign, pretrend_pre (doublement robuste) ; contrôle = not_yet_treated ; fenêtre 2007-2022 ; 722 traitées, 0 jamais traitées sur la fenêtre ; ATT(g,t) identifiés jusqu'en 2015 (sans unité jamais traitée, la dernière cohorte sert de contrôle) ; moyenne de tous les ATT(g,t) post",simple,0,722,0,0,2007,2022,2007.0,2015.0,722.0,1.0,dr,,,,
robust,robustesse,H2b,"log(naissances+0,5 / 1 000 f. 25-39)",sans 2020-2021,cs,Wald pré (-8..-2),277.460638458797,,,,3.9073301575649453e-56,722,10108,False,"H5c : test de Wald joint de nullité des coefficients pré avec covariance des fonctions d'influence, df = 7 ; fenêtre 2007-2022 ; 722 traitées, 0 jamais traitées sur la fenêtre",pre_test,0,722,0,0,2007,2022,2007.0,2015.0,722.0,1.0,dr,,,,7.0
robust,robustesse,H2b,"log(naissances+0,5 / 1 000 f. 25-39)","cohorte 2013 exclue (premier instantané, A6)",cs,-8,7.443456323103689,0.5042178700229932,6.455207457497124,8.431705188710254,2.560780122841652e-49,547,8752,False," ; covariables : log_pop, share_women_1549, share_foreign, pretrend_pre (doublement robuste) ; contrôle = not_yet_treated ; fenêtre 2007-2022 ; 547 traitées, 0 jamais traitées sur la fenêtre ; ATT(g,t) identifiés jusqu'en 2015 (sans unité jamais traitée, la dernière cohorte sert de contrôle)",event,0,547,0,0,2007,2022,2007.0,2015.0,547.0,1.0,dr,1.0,156.0,,
robust,robustesse,H2b,"log(naissances+0,5 / 1 000 f. 25-39)","cohorte 2013 exclue (premier instantané, A6)",cs,-7,-0.05172810312050374,0.07936087833940451,-0.2072725664472015,0.103816360206194,0.5145246521169042,547,8752,False," ; covariables : log_pop, share_women_1549, share_foreign, pretrend_pre (doublement robuste) ; contrôle = not_yet_treated ; fenêtre 2007-2022 ; 547 traitées, 0 jamais traitées sur la fenêtre ; ATT(g,t) identifiés jusqu'en 2015 (sans unité jamais traitée, la dernière cohorte sert de contrôle)",event,0,547,0,0,2007,2022,2007.0,2015.0,547.0,1.0,dr,2.0,544.0,,
robust,robustesse,H2b,"log(naissances+0,5 / 1 000 f. 25-39)","cohorte 2013 exclue (premier instantané, A6)",cs,-6,0.20904100623168922,0.032331611547344666,0.14567221203675434,0.2724098004266241,1.0094433612987714e-10,547,8752,False," ; covariables : log_pop, share_women_1549, share_foreign, pretrend_pre (doublement robuste) ; contrôle = not_yet_treated ; fenêtre 2007-2022 ; 547 traitées, 0 jamais traitées sur la fenêtre ; ATT(g,t) identifiés jusqu'en 2015 (sans unité jamais traitée, la dernière cohorte sert de contrôle)",event,0,547,0,0,2007,2022,2007.0,2015.0,547.0,1.0,dr,2.0,544.0,,
robust,robustesse,H2b,"log(naissances+0,5 / 1 000 f. 25-39)","cohorte 2013 exclue (premier instantané, A6)",cs,-5,-0.008817187201390013,0.016281934790108553,-0.0407291929886325,0.023094818585852474,0.5881410112650898,547,8752,False," ; covariables : log_pop, share_women_1549, share_foreign, pretrend_pre (doublement robuste) ; contrôle = not_yet_treated ; fenêtre 2007-2022 ; 547 traitées, 0 jamais traitées sur la fenêtre ; ATT(g,t) identifiés jusqu'en 2015 (sans unité jamais traitée, la dernière cohorte sert de contrôle)",event,0,547,0,0,2007,2022,2007.0,2015.0,547.0,1.0,dr,2.0,544.0,,
robust,robustesse,H2b,"log(naissances+0,5 / 1 000 f. 25-39)","cohorte 2013 exclue (premier instantané, A6)",cs,-4,0.04593634243090329,0.017884717492938077,0.010882940271071173,0.08098974459073541,0.010214884855382208,547,8752,False," ; covariables : log_pop, share_women_1549, share_foreign, pretrend_pre (doublement robuste) ; contrôle = not_yet_treated ; fenêtre 2007-2022 ; 547 traitées, 0 jamais traitées sur la fenêtre ; ATT(g,t) identifiés jusqu'en 2015 (sans unité jamais traitée, la dernière cohorte sert de contrôle)",event,0,547,0,0,2007,2022,2007.0,2015.0,547.0,1.0,dr,2.0,544.0,,
robust,robustesse,H2b,"log(naissances+0,5 / 1 000 f. 25-39)","cohorte 2013 exclue (premier instantané, A6)",cs,-3,0.03942885755665971,0.015242146976161504,0.009554798436317073,0.06930291667700235,0.009686310106360934,547,8752,False," ; covariables : log_pop, share_women_1549, share_foreign, pretrend_pre (doublement robuste) ; contrôle = not_yet_treated ; fenêtre 2007-2022 ; 547 traitées, 0 jamais traitées sur la fenêtre ; ATT(g,t) identifiés jusqu'en 2015 (sans unité jamais traitée, la dernière cohorte sert de contrôle)",event,0,547,0,0,2007,2022,2007.0,2015.0,547.0,1.0,dr,2.0,544.0,,
robust,robustesse,H2b,"log(naissances+0,5 / 1 000 f. 25-39)","cohorte 2013 exclue (premier instantané, A6)",cs,-2,-0.08518009596123474,0.019487102859618237,-0.12337411572911398,-0.0469860761933555,1.2362155483423569e-05,547,8752,False," ; covariables : log_pop, share_women_1549, share_foreign, pretrend_pre (doublement robuste) ; contrôle = not_yet_treated ; fenêtre 2007-2022 ; 547 traitées, 0 jamais traitées sur la fenêtre ; ATT(g,t) identifiés jusqu'en 2015 (sans unité jamais traitée, la dernière cohorte sert de contrôle)",event,0,547,0,0,2007,2022,2007.0,2015.0,547.0,1.0,dr,2.0,544.0,,
robust,robustesse,H2b,"log(naissances+0,5 / 1 000 f. 25-39)","cohorte 2013 exclue (premier instantané, A6)",cs,0,0.0845493972879517,0.020270213983303323,0.044820507921757,0.1242782866541464,3.031125921136182e-05,547,8752,False," ; covariables : log_pop, share_women_1549, share_foreign, pretrend_pre (doublement robuste) ; contrôle = not_yet_treated ; fenêtre 2007-2022 ; 547 traitées, 0 jamais traitées sur la fenêtre ; ATT(g,t) identifiés jusqu'en 2015 (sans unité jamais traitée, la dernière cohorte sert de contrôle)",event,0,547,0,0,2007,2022,2007.0,2015.0,547.0,1.0,dr,2.0,544.0,,
robust,robustesse,H2b,"log(naissances+0,5 / 1 000 f. 25-39)","cohorte 2013 exclue (premier instantané, A6)",cs,1,0.573427520356601,0.04039271516751835,0.4942592533904803,0.6525957873227218,9.656441933819325e-46,547,8752,False," ; covariables : log_pop, share_women_1549, share_foreign, pretrend_pre (doublement robuste) ; contrôle = not_yet_treated ; fenêtre 2007-2022 ; 547 traitées, 0 jamais traitées sur la fenêtre ; ATT(g,t) identifiés jusqu'en 2015 (sans unité jamais traitée, la dernière cohorte sert de contrôle)",event,0,547,0,0,2007,2022,2007.0,2015.0,547.0,1.0,dr,1.0,388.0,,
robust,robustesse,H2b,"log(naissances+0,5 / 1 000 f. 25-39)","cohorte 2013 exclue (premier instantané, A6)",cs,"ATT[1,1]",0.573427520356601,0.04039271516751835,0.4942592533904803,0.6525957873227218,9.656441933819325e-46,547,8752,False," ; covariables : log_pop, share_women_1549, share_foreign, pretrend_pre (doublement robuste) ; contrôle = not_yet_treated ; fenêtre 2007-2022 ; 547 traitées, 0 jamais traitées sur la fenêtre ; ATT(g,t) identifiés jusqu'en 2015 (sans unité jamais traitée, la dernière cohorte sert de contrôle) ; écart-type avec covariance complète des coefficients (fonctions d'influence)",post_avg,0,547,0,0,2007,2022,2007.0,2015.0,547.0,1.0,dr,,,1.0,
robust,robustesse,H2b,"log(naissances+0,5 / 1 000 f. 25-39)","cohorte 2013 exclue (premier instantané, A6)",cs,ATT,0.2880737661191062,0.020102167475501368,0.24867424185593104,0.32747329038228135,1.4113591817626864e-46,547,8752,False," ; covariables : log_pop, share_women_1549, share_foreign, pretrend_pre (doublement robuste) ; contrôle = not_yet_treated ; fenêtre 2007-2022 ; 547 traitées, 0 jamais traitées sur la fenêtre ; ATT(g,t) identifiés jusqu'en 2015 (sans unité jamais traitée, la dernière cohorte sert de contrôle) ; moyenne de tous les ATT(g,t) post",simple,0,547,0,0,2007,2022,2007.0,2015.0,547.0,1.0,dr,,,,
robust,robustesse,H2b,"log(naissances+0,5 / 1 000 f. 25-39)","cohorte 2013 exclue (premier instantané, A6)",cs,Wald pré (-8..-2),285.11114851162716,,,,9.118308525085043e-58,547,8752,False,"H5c : test de Wald joint de nullité des coefficients pré avec covariance des fonctions d'influence, df = 7 ; fenêtre 2007-2022 ; 547 traitées, 0 jamais traitées sur la fenêtre",pre_test,0,547,0,0,2007,2022,2007.0,2015.0,547.0,1.0,dr,,,,7.0
