year,age,share,variable,n
2011,12-17 ans,0.22089530590722517,smartphone,217
2011,18-24 ans,0.3503881180588245,smartphone,224
2011,25-39 ans,0.3035561623901897,smartphone,521
2011,40-59 ans,0.12820538161032566,smartphone,698
2011,60-69 ans,0.04716820843982295,smartphone,295
2011,70 ans et plus,0.007202831921434645,smartphone,286
2012,12-17 ans,0.45884196587530746,smartphone,206
2012,18-24 ans,0.5411317077540366,smartphone,219
2012,25-39 ans,0.452423338962862,smartphone,498
2012,40-59 ans,0.24024023647912346,smartphone,716
2012,60-69 ans,0.07992239840316047,smartphone,271
2012,70 ans et plus,0.024098769205342613,smartphone,296
2013,12-17 ans,0.5531103448796214,smartphone,206
2013,18-24 ans,0.7536742869865637,smartphone,245
2013,25-39 ans,0.5807165699331253,smartphone,469
2013,40-59 ans,0.3182825898474517,smartphone,688
2013,60-69 ans,0.22125016972075914,smartphone,311
2013,70 ans et plus,0.05256149056292989,smartphone,294
2014,12-17 ans,0.5864872770363369,smartphone,201
2014,18-24 ans,0.8102127049213392,smartphone,226
2014,25-39 ans,0.6741064056508377,smartphone,490
2014,40-59 ans,0.42887541776439125,smartphone,697
2014,60-69 ans,0.2630122511237158,smartphone,305
2014,70 ans et plus,0.072293743515578,smartphone,300
2015,12-17 ans,0.8052946276336489,smartphone,205
2015,18-24 ans,0.9043646726381439,smartphone,196
2015,25-39 ans,0.7934847052952788,smartphone,474
2015,40-59 ans,0.5712611527707789,smartphone,708
2015,60-69 ans,0.35526945047116426,smartphone,309
2015,70 ans et plus,0.1458186838311601,smartphone,315
2016,12-17 ans,0.846293020000083,smartphone,218
2016,18-24 ans,0.9514701856021538,smartphone,190
2016,25-39 ans,0.8717027266209273,smartphone,470
2016,40-59 ans,0.6759854083839538,smartphone,743
2016,60-69 ans,0.4174686758287693,smartphone,318
2016,70 ans et plus,0.195922442180462,smartphone,373
2017,12-17 ans,0.8618680521696275,smartphone,205
2017,18-24 ans,0.9866374635703961,smartphone,219
2017,25-39 ans,0.9210016643839976,smartphone,441
2017,40-59 ans,0.7700642937566031,smartphone,703
2017,60-69 ans,0.5427430185626124,smartphone,313
2017,70 ans et plus,0.30626473553730843,smartphone,327
2018,12-17 ans,0.8293797147410266,smartphone,200
2018,18-24 ans,0.980014101592096,smartphone,221
2018,25-39 ans,0.917152390070009,smartphone,441
2018,40-59 ans,0.8110409725640866,smartphone,674
2018,60-69 ans,0.5521414398035509,smartphone,350
2018,70 ans et plus,0.35425283954237935,smartphone,328
2019,12-17 ans,0.8635613387882483,smartphone,206
2019,18-24 ans,0.9856026780212097,smartphone,217
2019,25-39 ans,0.9507161879890678,smartphone,440
2019,40-59 ans,0.7960253272017357,smartphone,695
2019,60-69 ans,0.6203321676741761,smartphone,343
2019,70 ans et plus,0.43927781283546663,smartphone,353
2020,12-17 ans,0.9068480490422811,smartphone,322
2020,18-24 ans,0.9669579605088345,smartphone,214
2020,25-39 ans,0.9596646912585275,smartphone,672
2020,40-59 ans,0.8815989455486695,smartphone,1349
2020,60-69 ans,0.7895418924595055,smartphone,735
2020,70 ans et plus,0.5918603655669455,smartphone,712
2022,12-17 ans,0.8964548705804876,smartphone,227
2022,18-24 ans,0.9747734709902754,smartphone,427
2022,25-39 ans,0.9656498321005584,smartphone,770
2022,40-59 ans,0.946879642003039,smartphone,1307
2022,60-69 ans,0.8593879169488673,smartphone,712
2022,70 ans et plus,0.5617085367471655,smartphone,741
2023,12-17 ans,0.962775871397435,smartphone,218
2023,18-24 ans,0.925509943795558,smartphone,498
2023,25-39 ans,0.9643156195485405,smartphone,680
2023,40-59 ans,0.9386661998524902,smartphone,1293
2023,60-69 ans,0.8033303536761456,smartphone,620
2023,70 ans et plus,0.6205798601302741,smartphone,975
2024,12-17 ans,0.9639778232675675,smartphone,208
2024,18-24 ans,0.9765005324167259,smartphone,256
2024,25-39 ans,0.9813878239862233,smartphone,686
2024,40-59 ans,0.9534057198586614,smartphone,1399
2024,60-69 ans,0.9010844782728368,smartphone,623
2024,70 ans et plus,0.7019552884215251,smartphone,894
2025,12-17 ans,0.9396600213746119,smartphone,201
2025,18-24 ans,0.9575723496117814,smartphone,353
2025,25-39 ans,0.9765753153874055,smartphone,706
2025,40-59 ans,0.957028981736607,smartphone,1360
2025,60-69 ans,0.9090353291021706,smartphone,669
2025,70 ans et plus,0.7308804561928799,smartphone,856
2009,12-17 ans,0.5282598776084023,social,209
2009,18-24 ans,0.7007717011425573,social,206
2009,25-39 ans,0.36985798151072574,social,495
2009,40-59 ans,0.1119507497758518,social,586
2009,60-69 ans,0.05937270247825488,social,172
2009,70 ans et plus,0.03126829320766305,social,63
2010,12-17 ans,0.7697713268701144,social,218
2010,18-24 ans,0.7919805418697279,social,229
2010,25-39 ans,0.5696650323600218,social,490
2010,40-59 ans,0.2760281889400386,social,597
2010,60-69 ans,0.11192198028933058,social,181
2010,70 ans et plus,0.034067299839951555,social,84
2011,12-17 ans,0.8456168376155266,social,216
2011,18-24 ans,0.8321680410557538,social,219
2011,25-39 ans,0.6115160385382754,social,502
2011,40-59 ans,0.2994966508368154,social,603
2011,60-69 ans,0.22343291493159123,social,206
2011,70 ans et plus,0.09240019748708427,social,86
2012,12-17 ans,0.7996835672888254,social,205
2012,18-24 ans,0.8386693170095499,social,218
2012,25-39 ans,0.6563160309109751,social,483
2012,40-59 ans,0.34217253052741914,social,652
2012,60-69 ans,0.21667182375244723,social,192
2012,70 ans et plus,0.0944002158518534,social,115
2013,12-17 ans,0.7616729968740935,social,206
2013,18-24 ans,0.8672876747660594,social,244
2013,25-39 ans,0.6861887917234065,social,463
2013,40-59 ans,0.3833605028305148,social,654
2013,60-69 ans,0.23911953604769734,social,245
2013,70 ans et plus,0.10989720345054264,social,126
2014,12-17 ans,0.7713173907663928,social,201
2014,18-24 ans,0.8882091919198132,social,225
2014,25-39 ans,0.734424620913543,social,479
2014,40-59 ans,0.45791062919262604,social,615
2014,60-69 ans,0.34654964557005946,social,233
2014,70 ans et plus,0.1938242105109206,social,118
2015,12-17 ans,0.7932867636280097,social,205
2015,18-24 ans,0.9239502554921093,social,195
2015,25-39 ans,0.8273814858337362,social,469
2015,40-59 ans,0.48388247064793477,social,641
2015,60-69 ans,0.330195038760243,social,240
2015,70 ans et plus,0.276572374032794,social,127
2016,12-17 ans,0.7958803396676651,social,217
2016,18-24 ans,0.9435988028906055,social,190
2016,25-39 ans,0.8273448290055299,social,467
2016,40-59 ans,0.5881114210783771,social,689
2016,60-69 ans,0.39028250188959435,social,241
2016,70 ans et plus,0.24603995741278195,social,183
2017,12-17 ans,0.8423631722016165,social,205
2017,18-24 ans,0.9626614363600137,social,219
2017,25-39 ans,0.8293211989565596,social,435
2017,40-59 ans,0.6217374080728989,social,657
2017,60-69 ans,0.4332905791277538,social,254
2017,70 ans et plus,0.25064780294730754,social,177
2018,12-17 ans,0.7647666852391953,social,199
2018,18-24 ans,0.9342144318780597,social,221
2018,25-39 ans,0.8230004041696477,social,437
2018,40-59 ans,0.6307376231827948,social,623
2018,60-69 ans,0.4087151210716219,social,278
2018,70 ans et plus,0.23561010989947875,social,184
2019,12-17 ans,0.8024503602907674,social,206
2019,18-24 ans,0.9458431173948324,social,217
2019,25-39 ans,0.8442289338446923,social,430
2019,40-59 ans,0.6562225783667627,social,634
2019,60-69 ans,0.43016295538322596,social,267
2019,70 ans et plus,0.33454044560811386,social,198
2020,12-17 ans,0.7109477120432846,social,318
2020,18-24 ans,0.8557644110827276,social,213
2020,25-39 ans,0.8423506307276087,social,656
2020,40-59 ans,0.7397516291281907,social,1308
2020,60-69 ans,0.6245230574728692,social,675
2020,70 ans et plus,0.53757034149716,social,503
2022,12-17 ans,0.6911244155957983,social,224
2022,18-24 ans,0.7969260358066347,social,422
2022,25-39 ans,0.7932636623419824,social,748
2022,40-59 ans,0.7003468471184322,social,1269
2022,60-69 ans,0.5337916682806464,social,664
2022,70 ans et plus,0.4321042327694886,social,399
