échantillon,résultat,terme,coef,se,p,p_wild,coef non pondéré,n,zones,années,moyenne y
"ZEAT × année, 2011-2020",smartphone,D3,0.09844159522466478,0.04001598498636027,0.0393152786033224,0.49524952495249525,0.08361469655467545,24078,9,2011-2020,0.5835654876496681
"ZEAT × année, 2011-2020",smartphone,D3 (40 ans et plus),0.12479409640552946,0.05609507981963099,0.05676538435853251,0.5313531353135313,0.10536742221248382,24078,9,2011-2020,0.5835654876496681
"ZEAT × année, 2011-2020",smartphone,D3 × moins de 40 ans,-0.06532256548042784,0.04439352662342007,0.1793809578461545,0.3647364736473647,-0.0532910236573532,24078,9,2011-2020,0.5835654876496681
"ZEAT × année, 2011-2020",social,D3,0.14865078025632888,0.029983912957502412,0.0011101190637352598,0.08970897089708971,0.14686423892221603,20884,9,2011-2020,0.6197854761748963
"ZEAT × année, 2011-2020",social,D3 (40 ans et plus),0.24572607174214003,0.030306561958148324,3.9644492048962476e-05,0.006800680068006801,0.24008926940322595,20884,9,2011-2020,0.6197854761748963
"ZEAT × année, 2011-2020",social,D3 × moins de 40 ans,-0.2166319071172499,0.034351557734792273,0.00023120780609331426,0.0016001600160016002,-0.2053701418730578,20884,9,2011-2020,0.6197854761748963
"Région × année, 2020-2025",smartphone,D3,0.3398547276489212,0.25919642599033993,0.21433052039317446,0.41804180418041803,0.2682360687947452,20683,13,2020-2025,0.8818565696293857
"Région × année, 2020-2025",smartphone,D3 (40 ans et plus),0.45917122693212514,0.27411595149688134,0.11975533227936586,0.2992299229922992,0.38826541119150054,20683,13,2020-2025,0.8818565696293857
"Région × année, 2020-2025",smartphone,D3 × moins de 40 ans,-0.4213446951181553,0.05738729291621297,8.949037628491752e-06,0.0009000900090009,-0.4918395519694114,20683,13,2020-2025,0.8818565696293857
"Région × année, 2020-2022",social,D3,-0.736001439250456,0.4964842181534154,0.1640058843495964,0.19561956195619562,-0.543522772130032,7399,13,2020-2022,0.6977736357966033
"Région × année, 2020-2022",social,D3 (40 ans et plus),-0.7422282446212064,0.49428609630150266,0.15904452587832885,0.20462046204620463,-0.5373057086081924,7399,13,2020-2022,0.6977736357966033
"Région × année, 2020-2022",social,D3 × moins de 40 ans,0.02429243456213566,0.09604830344877019,0.8046114973985459,0.6806680668066807,-0.056142205117371155,7399,13,2020-2022,0.6977736357966033
