pays,groupe,hyp,att_log,se_log,k,p,se_boot_log,p_pre,n_units,att_pct,se_pct,se_boot_pct
France,25-39,H2b,0.0178212319899542,0.0113262345871324,4,0.1156153072968515,0.0109304842973003,0.0036657429461866,96,1.7980977688859756,1.152989135854242,1.1127025091578489
France,15-19,H2a,-0.0853121168109042,0.068835599135949,4,0.2152120536557549,,0.1269935199640296,96,-8.177435398886923,6.320661248517,
France,20-24,H2a,-0.0168085041136749,0.02018846924139,4,0.4050819668369841,,0.5900495951652124,96,-1.6668029366394554,1.9851967243211956,
France,25-29,H2c,-0.0180723091103991,0.0156486802654087,4,0.2481405848841895,,0.1474025301854461,96,-1.7909984264612433,1.536841264809328,
France,30-34,H2c,0.0244742729206536,0.0169153070008132,4,0.147932961215382,,0.001406870414768,96,2.477622626876941,1.7334404474471048,
France,35-39,H2c,0.0454388354109667,0.0217281929008813,4,0.0365066819475978,,0.0060611977248018,96,4.6486994709438845,2.2738271289310235,
France,40-49,H2c,0.0556053517194087,0.0381597908904953,4,0.1450691035180229,,0.3640656456834095,96,5.718038697730754,4.034178250058695,
France,15-24,H2d,-0.0026791126617726,0.0215245333994947,4,0.9009448445508496,,0.6234739347382932,96,-0.2675527042253045,2.146694392831247,
Colombie,25-39,H2b,-0.0138858018782198,0.0390989191939106,5,0.722480655163855,0.0462120546853068,0.5371008788840947,907,-1.378983881949336,3.8559751400210174,4.55747978996788
Colombie,15-19,H2a,-0.0481370944272731,0.0560403664561005,5,0.390356074628491,,0.0088647763363214,907,-4.699687329654012,5.340664445427147,
Colombie,20-24,H2a,-0.0215017227827317,0.056721652227211,5,0.7046326618120974,,0.2488358288877344,907,-2.127220866764279,5.55150574050603,
Colombie,25-29,H2c,-0.0016148623436893,0.0725025906818764,5,0.9822300528346684,,0.6170776659127366,907,-0.1613559155079214,7.238560346291469,
Colombie,30-34,H2c,-0.0850972876062975,0.0416814969228234,5,0.0411904072104604,,0.2506468908961103,907,-8.157707111338441,3.828124248423792,
Colombie,35-39,H2c,0.0215095353367784,0.0478259074010283,5,0.6528932249938699,,0.019401945527899,907,2.174253295008488,4.886576376856286,
Colombie,40-49,H2c,0.1784016840050099,0.0809506852242039,5,0.0275361842549902,,0.1068767107661147,907,19.530535986058606,9.676078793287807,
Colombie,15-24,H2d,-0.0270421920915677,0.054976659079923,5,0.6228006667315802,,0.2256724141370754,907,-2.6679825755930753,5.350989139502745,
Brésil,25-39,H2b,-0.0478459719496729,0.0220082194201344,5,0.0297047839653244,0.0288905505376428,0.8186319877179515,5558,-4.671939227661214,2.0980008783735387,2.7540801573987377
Brésil,15-19,H2a,-0.0957599020391938,0.0243093867022427,5,8.174862979749386e-05,,0.0008585377192887,5558,-9.131783738634757,2.208950608040546,
Brésil,20-24,H2a,-0.0487913467753124,0.02185923100961,5,0.0256102974875559,,0.6028352216706538,5558,-4.76201739096963,2.0818290627400144,
Brésil,25-29,H2c,-0.0747583988151689,0.0240717756806596,5,0.0018986426612939,,0.4258203861717307,5558,-7.203234266703107,2.2337829286226425,
Brésil,30-34,H2c,-0.0296566667235241,0.0323304845711138,5,0.3589868634309781,,0.4495228938080193,5558,-2.9221223003308205,3.138574827165627,
Brésil,35-39,H2c,-0.0899374863319903,0.041792701191162,5,0.0313981206904018,,0.7313731517426327,5558,-8.601167975223223,3.8198040760327037,
Brésil,40-49,H2c,-0.009681849887272,0.0612173083434046,5,0.8743343212643018,,0.0104079258240317,5558,-0.9635131673132458,6.062747151684114,
Brésil,15-24,H2d,-0.0573779291080623,0.020364183279448,5,0.0048385478417476,,0.1136269597696651,5558,-5.57628527777112,1.9228618325297813,
Espagne,25-39,H2b,0.3654055482859116,0.0349243568598351,1,1.280549035263674e-25,0.183654153553999,3.907330157564945e-56,722,44.109832461231505,5.032943215887097,26.466369299476078
Espagne,15-19,H2a,1.705770466165412,0.1766238975097932,1,4.562419572728282e-22,,6.909757549377081e-31,722,450.5625932011488,97.24251103428567,
Espagne,20-24,H2a,-0.4897683853104179,0.0913281329659293,1,8.19721640215506e-08,,3.1806319136324197e-68,722,-38.72316961099133,5.596298513498081,
Espagne,25-29,H2c,0.3040368526068301,0.042975735585892,1,1.4986250725015577e-12,,4.398032576695696e-65,722,35.531900220766154,5.824583107341144,
Espagne,30-34,H2c,0.9482165025305366,0.0885826859167554,1,9.715204914216036e-27,,9.66963094408009e-56,722,158.1102162632345,22.864096219151914,
Espagne,35-39,H2c,-0.3459385543467833,0.04748606664354,1,3.215417555688859e-13,,9.182254592471693e-51,722,-29.24440379909109,3.3599049565997663,
Espagne,40-49,H2c,-2.9491666042296645,0.2625963698737231,1,2.878690557783749e-29,,1.8914713752957674e-40,722,-94.76166561807268,1.3755675928788271,
Espagne,15-24,H2d,-0.2990786000256926,0.0796754993624487,1,0.0001742374675781,,5.225441600391601e-59,722,-25.849887486302002,5.9079472423106445,
groupe,pays,k_pays,poolé %,es,IC bas,IC haut,p,PI bas,PI haut,tau2,I2,es_col,variante
25-39,"France, Colombie, Brésil, Espagne",4,9.667873661458096,11.356489824861002,-12.590437386065055,31.926184708981246,0.3945981343328122,-98.63069870942363,117.96644603233983,504.5684357072379,0.9629016380617079,se_pct,"primaire (es analytique, tous pays)"
25-39,"France, Colombie, Brésil, Espagne",4,-0.041387472601696285,4.574050055084519,-9.006360844050803,8.92358589884741,0.9927805829833978,-37.693158369192666,37.61038342398927,55.655044229766425,0.6081942362404766,se_boot_pct,es bootstrap
25-39,"Colombie, Brésil",2,-3.9197761111640537,1.8428811217143835,-7.531756737513021,-0.3077954848150859,0.03342152753384231,-27.335800948098285,19.496248725770176,0.0,0.0,se_pct,"sans pays au pré-test rejeté (A7, exploratoire)"
15-19,"France, Colombie, Brésil, Espagne",4,91.69121669090086,108.84403493319732,-121.6391717101854,305.0216050919871,0.39955894358829247,-937.0921379683049,1120.4745713501065,45323.90741975199,0.8687834493174067,se_pct,"primaire (es analytique, tous pays)"
15-19,"Colombie, Brésil",2,-8.484333100030652,2.0412397851570083,-12.485089562748666,-4.4835766373126384,3.232156335530867e-05,-34.420743725860845,17.452077525799545,0.0,0.0,se_pct,"sans pays au pré-test rejeté (A7, exploratoire)"
20-24,"France, Colombie, Brésil, Espagne",4,-11.443918012818767,8.856074411737705,-28.801504904231415,5.913668878593882,0.19628403479537182,-94.77822105147618,71.89038502583864,296.69409622791,0.923857616125733,se_pct,"primaire (es analytique, tous pays)"
20-24,"Colombie, Brésil",2,-4.437175520770366,1.9492756306744208,-8.25768555283383,-0.6166654887069023,0.022826851127692116,-29.205070771355608,20.330719729814874,0.0,0.0,se_pct,"sans pays au pré-test rejeté (A7, exploratoire)"
25-29,"France, Colombie, Brésil, Espagne",4,6.218352640850219,9.69417402564846,-12.781879309284431,25.21858459098487,0.5212287006808545,-84.81092376965766,97.24762905135809,353.62248772914836,0.9361404681703502,se_pct,"primaire (es analytique, tous pays)"
25-29,"Colombie, Brésil",2,-6.590939711875985,2.1344605815622564,-10.774405578158426,-2.407473845593544,0.0020159571205728977,-33.71183286250052,20.52995343874855,0.0,0.0,se_pct,"sans pays au pré-test rejeté (A7, exploratoire)"
30-34,"France, Colombie, Brésil, Espagne",4,34.993986470935326,39.477230680341265,-42.379963871913205,112.36793681378386,0.3753833365612136,-341.6369347601264,411.6249077019971,6103.851834358181,0.9455759035147009,se_pct,"primaire (es analytique, tous pays)"
30-34,"Colombie, Brésil",2,-5.081142327414092,2.5772785796416664,-10.132515521638304,-0.029769133189879504,0.04866504561357998,-41.23346610324338,31.071181448415196,1.453080334299294,0.10602036327999875,se_pct,"sans pays au pré-test rejeté (A7, exploratoire)"
35-39,"France, Colombie, Brésil, Espagne",4,-7.7960306706629225,7.750302354791334,-22.986344155349908,7.394282814024063,0.31446358117088047,-80.66121703123713,65.06915568991127,226.72516791220684,0.9588962489457126,se_pct,"primaire (es analytique, tous pays)"
35-39,"Colombie, Brésil",2,-3.644426532964852,5.370439257877484,-14.170294059564736,6.881440993635032,0.4973858607996351,-108.16140299659223,100.87254993066252,38.81993765423009,0.6686794411696934,se_pct,"sans pays au pré-test rejeté (A7, exploratoire)"
40-49,"France, Colombie, Brésil, Espagne",4,-18.013307362474205,26.1488172079176,-69.26404732831391,33.237432603365505,0.4909009485014375,-268.23786509145117,232.21125036650278,2698.345788454925,0.9964356060404005,se_pct,"primaire (es analytique, tous pays)"
40-49,"Colombie, Brésil",2,7.896035810408096,10.152621339181765,-12.002736363060977,27.79480798387717,0.43672601774104236,-192.15532326848728,207.9473948893035,144.80988897020265,0.6895677964124319,se_pct,"sans pays au pré-test rejeté (A7, exploratoire)"
15-24,"France, Colombie, Brésil, Espagne",4,-7.86575802851051,5.59825073990852,-18.838127855155918,3.1066117981348986,0.16000981917457668,-58.82500309410257,43.093487037081545,108.93236101952338,0.8272436276220261,se_pct,"primaire (es analytique, tous pays)"
15-24,"Colombie, Brésil",2,-5.243684255082079,1.809572785716857,-8.790381742490936,-1.6969867676732227,0.0037585355505058704,-28.236486555410444,17.749118045246284,0.0,0.0,se_pct,"sans pays au pré-test rejeté (A7, exploratoire)"
