spécification,unités,années,unités-années,unités traitées,jamais traitées,cohortes,pré-période médiane (années)
"H1 commune × année, naissances/1 000 femmes 15-44 (toutes)",34704,2008-2024,589968,21392,13312,2013-2027,10.0
"H1 idem, cohortes avec ≥ 3 années de pré-période (primaire)",34704,2008-2024,589968,21392,13312,2013-2027,10.0
H1 robustesse 2008-2019,34704,2008-2019,416448,21392,13312,2013-2027,10.0
H1 robustesse hors cohortes 2013-2017,25979,2008-2024,441643,12667,13312,2018-2027,13.0
H6 densité dense,1289,2008-2024,21913,1276,13,2013-2027,6.0
H6 densité intermédiaire,2821,2008-2024,47957,2372,449,2013-2027,7.0
H6 densité rural,30594,2008-2024,520098,17744,12850,2013-2027,11.0
H6 ZDP,21184,2008-2024,360128,11671,9513,2013-2027,12.0
"H2 département × année, naissances/1 000 femmes 15-19 (D3 ≥ 50 %)",96,1998-2024,2592,96,96,2013-2018,17.0
"H2 département × année, naissances/1 000 femmes 20-24 (D3 ≥ 50 %)",96,1998-2024,2592,96,96,2013-2018,17.0
"H2 département × année, naissances/1 000 femmes 25-29 (D3 ≥ 50 %)",96,1998-2024,2592,96,96,2013-2018,17.0
"H2 département × année, naissances/1 000 femmes 30-34 (D3 ≥ 50 %)",96,1998-2024,2592,96,96,2013-2018,17.0
"H2 département × année, naissances/1 000 femmes 35-39 (D3 ≥ 50 %)",96,1998-2024,2592,96,96,2013-2018,17.0
"H2 département × année, naissances/1 000 femmes 40-49 (D3 ≥ 50 %)",96,1998-2024,2592,96,96,2013-2018,17.0
"H3a département × âge × année, mariages/1 000 femmes",96,1998-2024,15476,96,96,2013-2018,17.0
