spécification,unités,années,unités-années,unités traitées,jamais traitées,cohortes
H1 município 15-49,5558,2003-2024,122276,5558,0,2014-2023
H2b município 25-39,5558,2003-2024,122276,5558,0,2014-2023
H2 município 15-19,5558,2003-2024,127834,5558,0,2014-2023
H2 município 20-24,5558,2003-2024,127834,5558,0,2014-2023
H2 município 25-29,5558,2003-2024,127834,5558,0,2014-2023
H2 município 30-34,5558,2003-2024,127834,5558,0,2014-2023
H2 município 35-39,5558,2003-2024,127834,5558,0,2014-2023
H2 município 40-49,5558,2003-2024,127834,5558,0,2014-2023
H1 avec covariables,5558,2003-2024,122276,5558,0,2014-2023
