série,année,kommuner,min,q05,q25,médiane,q75,q95,≥ 50 %,≥ 90 %,≥ 99 %
ménages avec accès LTE (fixe via LTE hors 450 MHz),2015,290,0.963744232036915,0.9934993425378041,0.9994083049415767,1.0,1.0,1.0,290,290,282
ménages avec accès LTE (fixe via LTE hors 450 MHz),2016,290,0.991424802110818,0.9958931018029616,0.9995621589643442,1.0,1.0,1.0,290,290,290
ménages avec accès LTE (fixe via LTE hors 450 MHz),2017,290,0.9893842887473461,0.9952721373246808,0.9993785045875873,1.0,1.0,1.0,290,290,288
ménages avec accès LTE (fixe via LTE hors 450 MHz),2018,290,0.9929577464788732,0.997508475785334,0.9997382941798846,1.0,1.0,1.0,290,290,290
ménages avec accès LTE (fixe via LTE hors 450 MHz),2019,290,0.9969400244798041,0.9991849187701594,1.0,1.0,1.0,1.0,290,290,290
ménages avec accès LTE (fixe via LTE hors 450 MHz),2020,290,0.9981561155500922,0.9995330882655424,1.0,1.0,1.0,1.0,290,290,290
ménages avec accès LTE (fixe via LTE hors 450 MHz),2021,290,0.9975510204081632,0.9996588061043288,1.0,1.0,1.0,1.0,290,290,290
ménages avec accès LTE (fixe via LTE hors 450 MHz),2022,290,0.9975470155355682,0.9997418767052703,1.0,1.0,1.0,1.0,290,290,290
couverture surfacique 4G ≥ 10 Mbit/s hors 450 MHz (terminal de base),2016,290,0.4324918136685328,0.8191887876905962,0.9756705778879793,0.9977647019330165,0.9999,0.9999,288,259,187
couverture surfacique 4G ≥ 10 Mbit/s hors 450 MHz (terminal de base),2017,290,0.5848289624814718,0.8719476497873621,0.9834333542127685,0.9982172769463261,0.9999,0.9999,290,268,195
couverture surfacique 4G ≥ 10 Mbit/s hors 450 MHz (terminal de base),2018,290,0.5863689739032231,0.8727122485197536,0.9835466834533518,0.9985586258966686,0.9999,0.9999,290,268,203
couverture surfacique 4G ≥ 10 Mbit/s hors 450 MHz (terminal de base),2019,290,0.6363965595291987,0.9325042857708544,0.9973136361926069,0.9999,0.9999,0.9999,290,281,244
couverture surfacique 4G ≥ 10 Mbit/s hors 450 MHz (terminal de base),2020,290,0.6477131075417369,0.9468269109576383,0.9982010992776987,0.9999,0.9999,0.9999,290,282,254
couverture surfacique 4G ≥ 10 Mbit/s hors 450 MHz (terminal de base),2021,290,0.6502626216627171,0.9496893389379175,0.9989338444090102,0.9999,0.9999,0.9999,290,282,258
couverture surfacique 4G ≥ 10 Mbit/s hors 450 MHz (terminal de base),2022,290,0.650654335090576,0.953258667406106,0.9992243783056715,0.9999,0.9999,0.9999,290,282,262
couverture surfacique 4G ≥ 10 Mbit/s hors 450 MHz (terminal de base),2023,290,0.6721025748886601,0.9674512261329106,0.9994923220261043,0.9999,0.9999,0.9999,290,283,265
couverture surfacique 4G ≥ 10 Mbit/s hors 450 MHz (terminal de base),2024,290,0.677320274932656,0.9783412885379733,0.999893182388714,0.9999,0.9999,0.9999,290,283,271
